{
    "Dataset": "adult",
    "Num Rows": 5000,
    "Num Test Samples": 1000,
    "Synthesizer": "TVAESynthesizer",
    "Fit Time (s)": 8.142510652542114,
    "Sample Time (s)": 0.2822258472442627,
    "Decomposition Time (s)": 0.03330254554748535,
    "Overall Score": null,
    "Properties": {
        "Column Shapes": 0.5484496888856728,
        "Column Pair Trends": 0.3414260771535404
    },
    "Metrics": {
        "BoundaryAdherence": 0.8643333333333333,
        "RangeCoverage": 0.16834711429083837,
        "CategoryCoverage": 0.3244268077601411,
        "KSComplement": 0.5683666666666666,
        "TVComplement": 0.5351717036983437,
        "StatisticSimilarity": null,
        "CorrelationSimilarity": 0.9463425400747824,
        "ContingencySimilarity": 0.2406066666666667,
        "TableStructure": 1.0,
        "NewRowSynthesis": 1.0
    },
    "Metrics Overall Score": 0.6275105369434191,
    "Details": {
        "KSComplement": {
            "age": 0.6382,
            "fnlwgt": 0.6639999999999999,
            "education-num": 0.5808,
            "capital-gain": 0.508,
            "capital-loss": 0.4414,
            "hours-per-week": 0.5778
        },
        "TVComplement": {
            "workclass": 0.5884,
            "education": 0.3655293172690762,
            "marital-status": 0.10219999999999996,
            "occupation": 0.398216016016016,
            "relationship": 0.2006000000000001,
            "race": 0.8426,
            "sex": 0.6734,
            "native-country": 0.8959999999999999,
            "label": 0.7496
        },
        "ContingencySimilarity": {
            "age - workclass": 0.30500000000000016,
            "age - education": 0.2632,
            "age - marital-status": 0.0766,
            "age - occupation": 0.27659999999999996,
            "age - relationship": 0.07840000000000014,
            "age - race": 0.4446000000000001,
            "age - sex": 0.38780000000000014,
            "age - native-country": 0.4494,
            "age - label": 0.3506,
            "workclass - fnlwgt": 0.020800000000000263,
            "workclass - education": 0.2510000000000002,
            "workclass - education-num": 0.24380000000000002,
            "workclass - marital-status": 0.06999999999999995,
            "workclass - occupation": 0.20200000000000007,
            "workclass - relationship": 0.15580000000000016,
            "workclass - race": 0.5882000000000001,
            "workclass - sex": 0.47460000000000013,
            "workclass - capital-gain": 0.1372,
            "workclass - capital-loss": 0.06380000000000008,
            "workclass - hours-per-week": 0.4164,
            "workclass - native-country": 0.5582,
            "workclass - label": 0.5436000000000001,
            "fnlwgt - education": 0.025000000000000133,
            "fnlwgt - marital-status": 0.016599999999999948,
            "fnlwgt - occupation": 0.02839999999999998,
            "fnlwgt - relationship": 0.019999999999999907,
            "fnlwgt - race": 0.031000000000000028,
            "fnlwgt - sex": 0.03039999999999987,
            "fnlwgt - native-country": 0.031200000000000228,
            "fnlwgt - label": 0.03299999999999992,
            "education - education-num": 0.22599999999999998,
            "education - marital-status": 0.05680000000000007,
            "education - occupation": 0.19300000000000028,
            "education - relationship": 0.08960000000000012,
            "education - race": 0.36,
            "education - sex": 0.3446,
            "education - capital-gain": 0.1110000000000001,
            "education - capital-loss": 0.06480000000000008,
            "education - hours-per-week": 0.2994000000000002,
            "education - native-country": 0.33940000000000003,
            "education - label": 0.3396,
            "education-num - marital-status": 0.048000000000000154,
            "education-num - occupation": 0.13180000000000014,
            "education-num - relationship": 0.09640000000000026,
            "education-num - race": 0.2794,
            "education-num - sex": 0.2278000000000001,
            "education-num - native-country": 0.3004,
            "education-num - label": 0.2724000000000001,
            "marital-status - occupation": 0.09580000000000011,
            "marital-status - relationship": 0.008599999999999941,
            "marital-status - race": 0.09740000000000004,
            "marital-status - sex": 0.09540000000000015,
            "marital-status - capital-gain": 0.0394000000000001,
            "marital-status - capital-loss": 0.04060000000000008,
            "marital-status - hours-per-week": 0.09640000000000015,
            "marital-status - native-country": 0.09140000000000015,
            "marital-status - label": 0.10099999999999998,
            "occupation - relationship": 0.10160000000000025,
            "occupation - race": 0.3518,
            "occupation - sex": 0.28300000000000003,
            "occupation - capital-gain": 0.22040000000000004,
            "occupation - capital-loss": 0.06899999999999995,
            "occupation - hours-per-week": 0.37639999999999996,
            "occupation - native-country": 0.3648,
            "occupation - label": 0.29059999999999997,
            "relationship - race": 0.18980000000000008,
            "relationship - sex": 0.15800000000000003,
            "relationship - capital-gain": 0.07020000000000004,
            "relationship - capital-loss": 0.0534,
            "relationship - hours-per-week": 0.12340000000000007,
            "relationship - native-country": 0.17980000000000018,
            "relationship - label": 0.1988000000000001,
            "race - sex": 0.5834,
            "race - capital-gain": 0.22819999999999996,
            "race - capital-loss": 0.09320000000000017,
            "race - hours-per-week": 0.7078,
            "race - native-country": 0.7767999999999999,
            "race - label": 0.6176,
            "sex - capital-gain": 0.2270000000000001,
            "sex - capital-loss": 0.08880000000000021,
            "sex - hours-per-week": 0.6368,
            "sex - native-country": 0.6016,
            "sex - label": 0.4623999999999999,
            "capital-gain - native-country": 0.21960000000000013,
            "capital-gain - label": 0.21240000000000014,
            "capital-loss - native-country": 0.09160000000000001,
            "capital-loss - label": 0.07280000000000009,
            "hours-per-week - native-country": 0.6841999999999999,
            "hours-per-week - label": 0.6345999999999999,
            "native-country - label": 0.6652
        },
        "CorrelationSimilarity": {
            "age - fnlwgt": 0.9950459192170128,
            "age - education-num": 0.9900420347581059,
            "age - capital-gain": 0.9317087935677613,
            "age - capital-loss": 0.9696661760749468,
            "age - hours-per-week": 0.7068447593557707,
            "fnlwgt - education-num": 0.9561497353031301,
            "fnlwgt - capital-gain": 0.9557011733608494,
            "fnlwgt - capital-loss": 0.9545880211949099,
            "fnlwgt - hours-per-week": 0.988477507358282,
            "education-num - capital-gain": 0.9352152837012718,
            "education-num - capital-loss": 0.9903184212554016,
            "education-num - hours-per-week": 0.912075990877254,
            "capital-gain - capital-loss": 0.962195453288075,
            "capital-gain - hours-per-week": 0.9511502567350322,
            "capital-loss - hours-per-week": 0.9959585750739332
        },
        "BoundaryAdherence": {
            "age": 1.0,
            "fnlwgt": 1.0,
            "education-num": 1.0,
            "capital-gain": 0.508,
            "capital-loss": 0.678,
            "hours-per-week": 1.0
        },
        "RangeCoverage": {
            "age": 0.6027397260273972,
            "fnlwgt": 0.10547077579086872,
            "education-num": 0.1333333333333333,
            "capital-gain": 0.001830018300183034,