{
    "Dataset": "adult",
    "Num Rows": 10000,
    "Num Test Samples": 4000,
    "Synthesizer": "REaLTabFormer",
    "Fit Time (s)": 195.353098154068,
    "Sample Time (s)": 13.546385288238525,
    "Decomposition Time (s)": 0,
    "Overall Score": null,
    "Properties": {
        "Column Shapes": 0.9842633333333332,
        "Column Pair Trends": 0.8839690452601855
    },
    "Metrics": {
        "BoundaryAdherence": 0.9996250000000001,
        "RangeCoverage": 0.8585150781318033,
        "CategoryCoverage": 0.953533789306147,
        "KSComplement": 0.9881666666666667,
        "TVComplement": 0.981661111111111,
        "StatisticSimilarity": null,
        "CorrelationSimilarity": 0.991653316821299,
        "ContingencySimilarity": 0.8660216666666666,
        "TableStructure": 1.0,
        "NewRowSynthesis": 0.998
    },
    "Metrics Overall Score": 0.9596862920781882,
    "Details": {
        "KSComplement": {
            "age": 0.98185,
            "fnlwgt": 0.98955,
            "education-num": 0.9832,
            "capital-gain": 0.9889,
            "capital-loss": 0.9939,
            "hours-per-week": 0.9916
        },
        "TVComplement": {
            "workclass": 0.9701,
            "education": 0.96665,
            "marital-status": 0.9887,
            "occupation": 0.9714,
            "relationship": 0.98705,
            "race": 0.98135,
            "sex": 0.99605,
            "native-country": 0.9765,
            "label": 0.99715
        },
        "ContingencySimilarity": {
            "age - workclass": 0.9125,
            "age - education": 0.9055,
            "age - marital-status": 0.91835,
            "age - occupation": 0.9027000000000001,
            "age - relationship": 0.91515,
            "age - race": 0.919,
            "age - sex": 0.9307,
            "age - native-country": 0.90235,
            "age - label": 0.9259,
            "workclass - fnlwgt": 0.54115,
            "workclass - education": 0.92615,
            "workclass - education-num": 0.93685,
            "workclass - marital-status": 0.9569,
            "workclass - occupation": 0.94915,
            "workclass - relationship": 0.9511000000000001,
            "workclass - race": 0.9563,
            "workclass - sex": 0.96245,
            "workclass - capital-gain": 0.9663,
            "workclass - capital-loss": 0.9250499999999999,
            "workclass - hours-per-week": 0.5065000000000001,
            "workclass - native-country": 0.9396,
            "workclass - label": 0.9651,
            "fnlwgt - education": 0.54035,
            "fnlwgt - marital-status": 0.54115,
            "fnlwgt - occupation": 0.5409,
            "fnlwgt - relationship": 0.54135,
            "fnlwgt - race": 0.5397500000000001,
            "fnlwgt - sex": 0.54125,
            "fnlwgt - native-country": 0.53645,
            "fnlwgt - label": 0.54135,
            "education - education-num": 0.96665,
            "education - marital-status": 0.95085,
            "education - occupation": 0.92075,
            "education - relationship": 0.9407,
            "education - race": 0.9473,
            "education - sex": 0.96155,
            "education - capital-gain": 0.96035,
            "education - capital-loss": 0.92525,
            "education - hours-per-week": 0.5003000000000001,
            "education - native-country": 0.9286,
            "education - label": 0.9642,
            "education-num - marital-status": 0.9601,
            "education-num - occupation": 0.9312,
            "education-num - relationship": 0.9471999999999999,
            "education-num - race": 0.9595,
            "education-num - sex": 0.96955,
            "education-num - native-country": 0.944,
            "education-num - label": 0.97255,
            "marital-status - occupation": 0.9430499999999999,
            "marital-status - relationship": 0.96905,
            "marital-status - race": 0.9721,
            "marital-status - sex": 0.98575,
            "marital-status - capital-gain": 0.9854499999999999,
            "marital-status - capital-loss": 0.9415,
            "marital-status - hours-per-week": 0.5038500000000001,
            "marital-status - native-country": 0.95795,
            "marital-status - label": 0.9754,
            "occupation - relationship": 0.94235,
            "occupation - race": 0.9516,
            "occupation - sex": 0.9632000000000001,
            "occupation - capital-gain": 0.9659,
            "occupation - capital-loss": 0.92225,
            "occupation - hours-per-week": 0.49770000000000003,
            "occupation - native-country": 0.9295,
            "occupation - label": 0.9615,
            "relationship - race": 0.96905,
            "relationship - sex": 0.97295,
            "relationship - capital-gain": 0.9823999999999999,
            "relationship - capital-loss": 0.9375,
            "relationship - hours-per-week": 0.4986499999999999,
            "relationship - native-country": 0.95635,
            "relationship - label": 0.97355,
            "race - sex": 0.9808,
            "race - capital-gain": 0.9775,
            "race - capital-loss": 0.9378,
            "race - hours-per-week": 0.5141500000000001,
            "race - native-country": 0.9519500000000001,
            "race - label": 0.981,
            "sex - capital-gain": 0.9906499999999999,
            "sex - capital-loss": 0.9508,
            "sex - hours-per-week": 0.5115,
            "sex - native-country": 0.97145,
            "sex - label": 0.9901,
            "capital-gain - native-country": 0.969,
            "capital-gain - label": 0.99715,
            "capital-loss - native-country": 0.93095,
            "capital-loss - label": 0.94685,
            "hours-per-week - native-country": 0.5033500000000002,
            "hours-per-week - label": 0.51715,
            "native-country - label": 0.97335
        },
        "CorrelationSimilarity": {
            "age - fnlwgt": 0.9781336393325463,
            "age - education-num": 0.9917085782754407,
            "age - capital-gain": 0.9968555855244865,
            "age - capital-loss": 0.9985163240855217,
            "age - hours-per-week": 0.9845583838730592,
            "fnlwgt - education-num": 0.9888622635558811,
            "fnlwgt - capital-gain": 0.9950623150116991,
            "fnlwgt - capital-loss": 0.9939980738787492,
            "fnlwgt - hours-per-week": 0.9903560193512639,
            "education-num - capital-gain": 0.9905134367512357,
            "education-num - capital-loss": 0.9974979063088365,
            "education-num - hours-per-week": 0.9941184214581648,
            "capital-gain - capital-loss": 0.9984430746547583,
            "capital-gain - hours-per-week": 0.9783773865398883,
            "capital-loss - hours-per-week": 0.9977983437179531
        },
        "BoundaryAdherence": {
            "age": 0.99975,
            "fnlwgt": 0.9985,
            "education-num": 1.0,
            "capital-gain": 1.0,
            "capital-loss": 1.0,
            "hours-per-week": 0.9995
        },
        "RangeCoverage": {
            "age": 1.0,
            "fnlwgt": 0.559722241058956,
            "education-num": 1.0,
            "capital-gain": 1.0,
            "capital-loss": 0.5913682277318641,
            "hours-per-week": 1.0
        },
        "CategoryCoverage": {
            "workclass": 0.8888888888888888,
            "education": 1.0,
            "marital-status": 0.8571428571428571,
            "occupation": 0.9333333333333333,
            "relationship": 1.0,
            "race": 1.0,
            "sex": 1.0,
            "native-country": 0.9024390243902439,
            "label": 1.0
        },
        "StatisticalSimilarity": {
            "age - workclass": 0.9931383561643835,
            "age - fnlwgt": 0.9931383561643835,
            "age - education": 0.9931383561643835,
            "age - education-num": 0.9931383561643835,
            "age - marital-status": 0.9931383561643835,
            "age - occupation": 0.9931383561643835,