{
    "Dataset": "adult",
    "Num Rows": 10000,
    "Num Test Samples": 2000,
    "Synthesizer": "TVAESynthesizer",
    "Fit Time (s)": 10.795891523361206,
    "Sample Time (s)": 0.4814000129699707,
    "Decomposition Time (s)": 0,
    "Overall Score": null,
    "Properties": {
        "Column Shapes": 0.6053599999999999,
        "Column Pair Trends": 0.38297124490463874
    },
    "Metrics": {
        "BoundaryAdherence": 1.0,
        "RangeCoverage": 0.08991183783036431,
        "CategoryCoverage": 0.24111390717081774,
        "KSComplement": 0.6122833333333334,
        "TVComplement": 0.6007444444444444,
        "StatisticSimilarity": null,
        "CorrelationSimilarity": 0.9779065851408856,
        "ContingencySimilarity": 0.3433088888888889,
        "TableStructure": 1.0,
        "NewRowSynthesis": 1.0
    },
    "Metrics Overall Score": 0.6516965552009704,
    "Details": {
        "KSComplement": {
            "age": 0.6011,
            "fnlwgt": 0.7018,
            "education-num": 0.4465,
            "capital-gain": 0.5766,
            "capital-loss": 0.6486000000000001,
            "hours-per-week": 0.6991
        },
        "TVComplement": {
            "workclass": 0.7006000000000001,
            "education": 0.32300000000000006,
            "marital-status": 0.46129999999999993,
            "occupation": 0.35650000000000004,
            "relationship": 0.4033,
            "race": 0.8471,
            "sex": 0.6673,
            "native-country": 0.8927,
            "label": 0.7549
        },
        "ContingencySimilarity": {
            "age - workclass": 0.5003,
            "age - education": 0.29899999999999993,
            "age - marital-status": 0.4605,
            "age - occupation": 0.3518,
            "age - relationship": 0.4033,
            "age - race": 0.6125,
            "age - sex": 0.5396000000000001,
            "age - native-country": 0.6305000000000001,
            "age - label": 0.5125,
            "workclass - fnlwgt": 0.19189999999999996,
            "workclass - education": 0.24260000000000015,
            "workclass - education-num": 0.24209999999999998,
            "workclass - marital-status": 0.30590000000000006,
            "workclass - occupation": 0.25960000000000005,
            "workclass - relationship": 0.2675000000000002,
            "workclass - race": 0.5947000000000001,
            "workclass - sex": 0.4616,
            "workclass - capital-gain": 0.6133000000000002,
            "workclass - capital-loss": 0.6029,
            "workclass - hours-per-week": 0.08390000000000009,
            "workclass - native-country": 0.6207,
            "workclass - label": 0.5438,
            "fnlwgt - education": 0.11290000000000011,
            "fnlwgt - marital-status": 0.13570000000000004,
            "fnlwgt - occupation": 0.11720000000000008,
            "fnlwgt - relationship": 0.12430000000000008,
            "fnlwgt - race": 0.2108,
            "fnlwgt - sex": 0.18510000000000004,
            "fnlwgt - native-country": 0.22019999999999995,
            "fnlwgt - label": 0.2018000000000001,
            "education - education-num": 0.3225,
            "education - marital-status": 0.1441,
            "education - occupation": 0.12919999999999998,
            "education - relationship": 0.12669999999999992,
            "education - race": 0.27349999999999985,
            "education - sex": 0.21409999999999996,
            "education - capital-gain": 0.32279999999999986,
            "education - capital-loss": 0.3113999999999998,
            "education - hours-per-week": 0.030999999999999805,
            "education - native-country": 0.29879999999999995,
            "education - label": 0.27339999999999987,
            "education-num - marital-status": 0.14360000000000006,
            "education-num - occupation": 0.12869999999999981,
            "education-num - relationship": 0.12619999999999998,
            "education-num - race": 0.273,
            "education-num - sex": 0.2136,
            "education-num - native-country": 0.2983,
            "education-num - label": 0.27290000000000014,
            "marital-status - occupation": 0.23250000000000004,
            "marital-status - relationship": 0.4031,
            "marital-status - race": 0.40990000000000004,
            "marital-status - sex": 0.4084,
            "marital-status - capital-gain": 0.4575999999999999,
            "marital-status - capital-loss": 0.4345,
            "marital-status - hours-per-week": 0.07540000000000002,
            "marital-status - native-country": 0.4116000000000001,
            "marital-status - label": 0.25360000000000005,
            "occupation - relationship": 0.1996000000000001,
            "occupation - race": 0.3246,
            "occupation - sex": 0.2681,
            "occupation - capital-gain": 0.31919999999999993,
            "occupation - capital-loss": 0.3037000000000001,
            "occupation - hours-per-week": 0.09400000000000008,
            "occupation - native-country": 0.33089999999999997,
            "occupation - label": 0.236,
            "relationship - race": 0.3622000000000001,
            "relationship - sex": 0.4032,
            "relationship - capital-gain": 0.3998999999999999,
            "relationship - capital-loss": 0.3789,
            "relationship - hours-per-week": 0.07030000000000003,
            "relationship - native-country": 0.3621,
            "relationship - label": 0.22160000000000002,
            "race - sex": 0.5826,
            "race - capital-gain": 0.6192000000000001,
            "race - capital-loss": 0.6057999999999999,
            "race - hours-per-week": 0.11289999999999989,
            "race - native-country": 0.7801,
            "race - label": 0.6273,
            "sex - capital-gain": 0.6177,
            "sex - capital-loss": 0.6046,
            "sex - hours-per-week": 0.10070000000000001,
            "sex - native-country": 0.5944,
            "sex - label": 0.4609,
            "capital-gain - native-country": 0.6202000000000001,
            "capital-gain - label": 0.6019000000000001,
            "capital-loss - native-country": 0.6057,
            "capital-loss - label": 0.6022,
            "hours-per-week - native-country": 0.11350000000000016,
            "hours-per-week - label": 0.06720000000000004,
            "native-country - label": 0.6677
        },
        "CorrelationSimilarity": {
            "age - fnlwgt": 0.9690419044902543,
            "age - capital-gain": 0.96355063689853,
            "age - capital-loss": 0.9638331092884784,
            "fnlwgt - capital-gain": 0.9919642027535261,
            "fnlwgt - capital-loss": 0.9830523240814707,
            "capital-gain - capital-loss": 0.9959973333330537
        },
        "BoundaryAdherence": {
            "age": 1.0,
            "fnlwgt": 1.0,
            "education-num": 1.0,
            "capital-gain": 1.0,
            "capital-loss": 1.0,
            "hours-per-week": 1.0
        },
        "RangeCoverage": {
            "age": 0.3972602739726028,
            "fnlwgt": 0.14025246896393262,
            "education-num": 0.0,
            "capital-gain": 0.0010400104001040411,
            "capital-loss": 0.0009182736455464191,
            "hours-per-week": 0.0
        },
        "CategoryCoverage": {
            "workclass": 0.1111111111111111,
            "education": 0.125,
            "marital-status": 0.14285714285714285,
            "occupation": 0.4,
            "relationship": 0.16666666666666666,
            "race": 0.2,
            "sex": 0.5,
            "native-country": 0.024390243902439025,
            "label": 0.5
        },
        "StatisticalSimilarity": {
            "age - workclass": 0.8765013698630136,
            "age - fnlwgt": 0.8765013698630136,
            "age - education": 0.8765013698630136,
            "age - education-num": 0.8765013698630136,
            "age - marital-status": 0.8765013698630136,
            "age - occupation": 0.8765013698630136,