{
    "Dataset": "adult",
    "Num Rows": 5000,
    "Num Test Samples": 4000,
    "Synthesizer": "TVAESynthesizer",
    "Fit Time (s)": 7.833562612533569,
    "Sample Time (s)": 0.9123785495758057,
    "Decomposition Time (s)": 0.016478300094604492,
    "Overall Score": null,
    "Properties": {
        "Column Shapes": 0.5663700666833374,
        "Column Pair Trends": 0.319504073259706
    },
    "Metrics": {
        "BoundaryAdherence": 0.8655833333333334,
        "RangeCoverage": 0.1703647661579847,
        "CategoryCoverage": 0.3290564373897707,
        "KSComplement": 0.6160666666666667,
        "TVComplement": 0.5332390000277847,
        "StatisticSimilarity": null,
        "CorrelationSimilarity": 0.9473985128179415,
        "ContingencySimilarity": 0.214855,
        "TableStructure": 1.0,
        "NewRowSynthesis": 1.0
    },
    "Metrics Overall Score": 0.6307293018214979,
    "Details": {
        "KSComplement": {
            "age": 0.6864,
            "fnlwgt": 0.6806,
            "education-num": 0.5918,
            "capital-gain": 0.53965,
            "capital-loss": 0.47465,
            "hours-per-week": 0.7233
        },
        "TVComplement": {
            "workclass": 0.5899000000000001,
            "education": 0.3376499999999999,
            "marital-status": 0.11595,
            "occupation": 0.38620100025006243,
            "relationship": 0.20784999999999998,
            "race": 0.8426,
            "sex": 0.6734,
            "native-country": 0.896,
            "label": 0.7496
        },
        "ContingencySimilarity": {
            "age - workclass": 0.31615000000000004,
            "age - education": 0.23914999999999997,
            "age - marital-status": 0.061349999999999905,
            "age - occupation": 0.30194999999999994,
            "age - relationship": 0.061750000000000194,
            "age - race": 0.5426,
            "age - sex": 0.4806,
            "age - native-country": 0.55335,
            "age - label": 0.4458000000000001,
            "workclass - fnlwgt": 0.04425000000000001,
            "workclass - education": 0.24905,
            "workclass - education-num": 0.007549999999999946,
            "workclass - marital-status": 0.10024999999999995,
            "workclass - occupation": 0.19899999999999995,
            "workclass - relationship": 0.17825000000000013,
            "workclass - race": 0.5897000000000001,
            "workclass - sex": 0.4746,
            "workclass - capital-gain": 0.13569999999999993,
            "workclass - capital-loss": 0.0665,
            "workclass - hours-per-week": 0.30004999999999993,
            "workclass - native-country": 0.5647,
            "workclass - label": 0.5436000000000001,
            "fnlwgt - education": 0.04289999999999994,
            "fnlwgt - marital-status": 0.02529999999999999,
            "fnlwgt - occupation": 0.05630000000000002,
            "fnlwgt - relationship": 0.04379999999999995,
            "fnlwgt - race": 0.059249999999999914,
            "fnlwgt - sex": 0.05864999999999998,
            "fnlwgt - native-country": 0.057050000000000045,
            "fnlwgt - label": 0.061249999999999916,
            "education - education-num": 0.013599999999999945,
            "education - marital-status": 0.05139999999999989,
            "education - occupation": 0.13895000000000002,
            "education - relationship": 0.08395000000000008,
            "education - race": 0.28464999999999996,
            "education - sex": 0.23404999999999987,
            "education - capital-gain": 0.12204999999999999,
            "education - capital-loss": 0.05700000000000005,
            "education - hours-per-week": 0.2225999999999999,
            "education - native-country": 0.30900000000000016,
            "education - label": 0.27705,
            "education-num - marital-status": 0.010200000000000098,
            "education-num - occupation": 0.0025999999999999357,
            "education-num - relationship": 0.004249999999999865,
            "education-num - race": 0.01760000000000006,
            "education-num - sex": 0.01419999999999999,
            "education-num - native-country": 0.012600000000000056,
            "education-num - label": 0.008400000000000074,
            "marital-status - occupation": 0.10904999999999998,
            "marital-status - relationship": 0.008850000000000025,
            "marital-status - race": 0.11114999999999997,
            "marital-status - sex": 0.10915000000000008,
            "marital-status - capital-gain": 0.046699999999999964,
            "marital-status - capital-loss": 0.03884999999999994,
            "marital-status - hours-per-week": 0.07474999999999998,
            "marital-status - native-country": 0.10540000000000005,
            "marital-status - label": 0.11475000000000013,
            "occupation - relationship": 0.08345000000000002,
            "occupation - race": 0.3398,
            "occupation - sex": 0.271,
            "occupation - capital-gain": 0.22444999999999982,
            "occupation - capital-loss": 0.07804999999999995,
            "occupation - hours-per-week": 0.31509999999999994,
            "occupation - native-country": 0.3555999999999999,
            "occupation - label": 0.27859999999999985,
            "relationship - race": 0.19705000000000006,
            "relationship - sex": 0.1582500000000001,
            "relationship - capital-gain": 0.0763499999999998,
            "relationship - capital-loss": 0.05239999999999989,
            "relationship - hours-per-week": 0.09494999999999987,
            "relationship - native-country": 0.19000000000000028,
            "relationship - label": 0.20605000000000007,
            "race - sex": 0.5834,
            "race - capital-gain": 0.23070000000000013,
            "race - capital-loss": 0.10144999999999993,
            "race - hours-per-week": 0.536,
            "race - native-country": 0.7768,
            "race - label": 0.6176,
            "sex - capital-gain": 0.22949999999999993,
            "sex - capital-loss": 0.09704999999999997,
            "sex - hours-per-week": 0.48155000000000003,
            "sex - native-country": 0.6016,
            "sex - label": 0.4623999999999999,
            "capital-gain - native-country": 0.22535000000000005,
            "capital-gain - label": 0.21565000000000012,
            "capital-loss - native-country": 0.10009999999999997,
            "capital-loss - label": 0.08105000000000007,
            "hours-per-week - native-country": 0.52845,
            "hours-per-week - label": 0.4388000000000001,
            "native-country - label": 0.6652
        },
        "CorrelationSimilarity": {
            "age - fnlwgt": 0.998636009989294,
            "age - education-num": 0.9612018027540089,
            "age - capital-gain": 0.9672387868412913,
            "age - capital-loss": 0.9702153074781746,
            "age - hours-per-week": 0.6262291728923054,
            "fnlwgt - education-num": 0.9952522144935408,
            "fnlwgt - capital-gain": 0.9399654117193823,
            "fnlwgt - capital-loss": 0.9282275180337725,
            "fnlwgt - hours-per-week": 0.9800817885558492,
            "education-num - capital-gain": 0.9524931974556274,
            "education-num - capital-loss": 0.9852947092938568,
            "education-num - hours-per-week": 0.9830054413540685,
            "capital-gain - capital-loss": 0.9764790313092142,
            "capital-gain - hours-per-week": 0.974032364492384,
            "capital-loss - hours-per-week": 0.9726249356063535
        },
        "BoundaryAdherence": {
            "age": 0.99675,
            "fnlwgt": 1.0,
            "education-num": 1.0,
            "capital-gain": 0.5475,
            "capital-loss": 0.64925,
            "hours-per-week": 1.0
        },
        "RangeCoverage": {
            "age": 0.6301369863013699,
            "fnlwgt": 0.12492557094289614,
            "education-num": 0.06666666666666665,