{
    "Dataset": "adult",
    "Num Rows": 1000,
    "Num Test Samples": 4000,
    "Synthesizer": "TVAESynthesizer",
    "Fit Time (s)": 4.328059196472168,
    "Sample Time (s)": 0.8262166976928711,
    "Decomposition Time (s)": 0,
    "Overall Score": null,
    "Properties": {
        "Column Shapes": 0.6407166666666666,
        "Column Pair Trends": 0.5097528019650344
    },
    "Metrics": {
        "BoundaryAdherence": 1.0,
        "RangeCoverage": 0.37255167239416265,
        "CategoryCoverage": 0.6162851037851038,
        "KSComplement": 0.644,
        "TVComplement": 0.6385277777777778,
        "StatisticSimilarity": null,
        "CorrelationSimilarity": 0.9607362804219076,
        "ContingencySimilarity": 0.43458888888888886,
        "TableStructure": 1.0,
        "NewRowSynthesis": 1.0
    },
    "Metrics Overall Score": 0.7407433025853156,
    "Details": {
        "KSComplement": {
            "age": 0.71475,
            "fnlwgt": 0.5952500000000001,
            "education-num": 0.64525,
            "capital-gain": 0.5805,
            "capital-loss": 0.6475,
            "hours-per-week": 0.68075
        },
        "TVComplement": {
            "workclass": 0.75075,
            "education": 0.24050000000000027,
            "marital-status": 0.64125,
            "occupation": 0.42800000000000005,
            "relationship": 0.469,
            "race": 0.8917499999999999,
            "sex": 0.685,
            "native-country": 0.92025,
            "label": 0.72025
        },
        "ContingencySimilarity": {
            "age - workclass": 0.40074999999999994,
            "age - education": 0.1875,
            "age - marital-status": 0.42774999999999996,
            "age - occupation": 0.3222499999999999,
            "age - relationship": 0.4002499999999999,
            "age - race": 0.4545,
            "age - sex": 0.42025,
            "age - native-country": 0.4595,
            "age - label": 0.3782500000000001,
            "workclass - fnlwgt": 0.5965,
            "workclass - education": 0.18624999999999992,
            "workclass - education-num": 0.22775,
            "workclass - marital-status": 0.504,
            "workclass - occupation": 0.368,
            "workclass - relationship": 0.3597500000000001,
            "workclass - race": 0.6819999999999999,
            "workclass - sex": 0.5167499999999999,
            "workclass - capital-gain": 0.736,
            "workclass - capital-loss": 0.73675,
            "workclass - hours-per-week": 0.3427499999999999,
            "workclass - native-country": 0.6905,
            "workclass - label": 0.561,
            "fnlwgt - education": 0.22899999999999987,
            "fnlwgt - marital-status": 0.5487500000000001,
            "fnlwgt - occupation": 0.40249999999999986,
            "fnlwgt - relationship": 0.4394999999999999,
            "fnlwgt - race": 0.6792499999999999,
            "fnlwgt - sex": 0.562,
            "fnlwgt - native-country": 0.7040000000000001,
            "fnlwgt - label": 0.5555,
            "education - education-num": 0.004750000000000032,
            "education - marital-status": 0.20100000000000007,
            "education - occupation": 0.15825,
            "education - relationship": 0.13224999999999998,
            "education - race": 0.21750000000000003,
            "education - sex": 0.14549999999999996,
            "education - capital-gain": 0.236,
            "education - capital-loss": 0.23650000000000015,
            "education - hours-per-week": 0.21850000000000003,
            "education - native-country": 0.23499999999999988,
            "education - label": 0.1927500000000001,
            "education-num - marital-status": 0.26574999999999993,
            "education-num - occupation": 0.18025000000000002,
            "education-num - relationship": 0.20724999999999993,
            "education-num - race": 0.27549999999999997,
            "education-num - sex": 0.2250000000000002,
            "education-num - native-country": 0.27225,
            "education-num - label": 0.1592499999999999,
            "marital-status - occupation": 0.38650000000000007,
            "marital-status - relationship": 0.43474999999999997,
            "marital-status - race": 0.6100000000000001,
            "marital-status - sex": 0.5650000000000001,
            "marital-status - capital-gain": 0.6107500000000001,
            "marital-status - capital-loss": 0.58375,
            "marital-status - hours-per-week": 0.32524999999999993,
            "marital-status - native-country": 0.60775,
            "marital-status - label": 0.3955000000000002,
            "occupation - relationship": 0.31425000000000014,
            "occupation - race": 0.40349999999999997,
            "occupation - sex": 0.3407500000000001,
            "occupation - capital-gain": 0.4069999999999999,
            "occupation - capital-loss": 0.3832500000000001,
            "occupation - hours-per-week": 0.29799999999999993,
            "occupation - native-country": 0.4182499999999999,
            "occupation - label": 0.31899999999999995,
            "relationship - race": 0.44699999999999995,
            "relationship - sex": 0.46775,
            "relationship - capital-gain": 0.44899999999999984,
            "relationship - capital-loss": 0.45124999999999993,
            "relationship - hours-per-week": 0.281,
            "relationship - native-country": 0.4475000000000001,
            "relationship - label": 0.2540000000000001,
            "race - sex": 0.62325,
            "race - capital-gain": 0.86925,
            "race - capital-loss": 0.73675,
            "race - hours-per-week": 0.38675000000000004,
            "race - native-country": 0.8170000000000001,
            "race - label": 0.6315,
            "sex - capital-gain": 0.6625,
            "sex - capital-loss": 0.6755,
            "sex - hours-per-week": 0.3274999999999999,
            "sex - native-country": 0.63175,
            "sex - label": 0.44325000000000003,
            "capital-gain - native-country": 0.896,
            "capital-gain - label": 0.7202500000000001,
            "capital-loss - native-country": 0.742,
            "capital-loss - label": 0.718,
            "hours-per-week - native-country": 0.39575000000000005,
            "hours-per-week - label": 0.33799999999999997,
            "native-country - label": 0.6545
        },
        "CorrelationSimilarity": {
            "age - fnlwgt": 0.9691822840343389,
            "age - education-num": 0.9622467110162835,
            "age - capital-gain": 0.9479574894252359,
            "age - capital-loss": 0.9399463513442947,
            "age - hours-per-week": 0.9711152345613036,
            "fnlwgt - education-num": 0.9474870377487666,
            "fnlwgt - capital-gain": 0.9753194359514035,
            "fnlwgt - capital-loss": 0.9665081763505347,
            "fnlwgt - hours-per-week": 0.9890695418351422,
            "education-num - capital-gain": 0.9110634436884952,
            "education-num - capital-loss": 0.9628191810055128,
            "education-num - hours-per-week": 0.9734396061023036,
            "capital-gain - capital-loss": 0.9964383734588438,
            "capital-gain - hours-per-week": 0.9111340047036609,
            "capital-loss - hours-per-week": 0.9873173351024963
        },
        "BoundaryAdherence": {
            "age": 1.0,
            "fnlwgt": 1.0,
            "education-num": 1.0,
            "capital-gain": 1.0,
            "capital-loss": 1.0,
            "hours-per-week": 1.0
        },
        "RangeCoverage": {
            "age": 0.5616438356164384,
            "fnlwgt": 0.6880744575877977,
            "education-num": 0.33333333333333337,
            "capital-gain": 0.08411084110841105,
            "capital-loss": 0.006923076923076921,
            "hours-per-week": 0.5612244897959184
        },
        "CategoryCoverage": {
            "workclass": 0.3333333333333333,
            "education": 0.3125,