{
    "Dataset": "adult",
    "Num Rows": 10000,
    "Num Test Samples": 1000,
    "Synthesizer": "REaLTabFormer",
    "Fit Time (s)": 210.41085648536682,
    "Sample Time (s)": 8.037896633148193,
    "Decomposition Time (s)": 0.014597892761230469,
    "Overall Score": null,
    "Properties": {
        "Column Shapes": 0.7736462563213944,
        "Column Pair Trends": 0.5391168300158281
    },
    "Metrics": {
        "BoundaryAdherence": 0.9594999999999999,
        "RangeCoverage": 0.6602391878721278,
        "CategoryCoverage": 0.7447928765001935,
        "KSComplement": 0.89875,
        "TVComplement": 0.6902437605356575,
        "StatisticSimilarity": null,
        "CorrelationSimilarity": 0.98329114344413,
        "ContingencySimilarity": 0.4650877777777779,
        "TableStructure": 1.0,
        "NewRowSynthesis": null
    },
    "Metrics Overall Score": 0.8002380932662359,
    "Details": {
        "KSComplement": {
            "age": 0.975,
            "fnlwgt": 0.9749,
            "education-num": 0.7646999999999999,
            "capital-gain": 0.864,
            "capital-loss": 0.921,
            "hours-per-week": 0.8929
        },
        "TVComplement": {
            "workclass": 0.6942999999999999,
            "education": 0.569342857142857,
            "marital-status": 0.4477,
            "occupation": 0.7997917098445596,
            "relationship": 0.36019999999999996,
            "race": 0.8556999999999999,
            "sex": 0.7403,
            "native-country": 0.9469592778335004,
            "label": 0.7979
        },
        "ContingencySimilarity": {
            "age - workclass": 0.577,
            "age - education": 0.5155000000000001,
            "age - marital-status": 0.2924,
            "age - occupation": 0.6793,
            "age - relationship": 0.25560000000000005,
            "age - race": 0.7295,
            "age - sex": 0.6623000000000001,
            "age - native-country": 0.7799,
            "age - label": 0.6516000000000001,
            "workclass - fnlwgt": 0.13409999999999989,
            "workclass - education": 0.3943,
            "workclass - education-num": 0.2863,
            "workclass - marital-status": 0.3104,
            "workclass - occupation": 0.5111,
            "workclass - relationship": 0.2502,
            "workclass - race": 0.6335,
            "workclass - sex": 0.5167999999999999,
            "workclass - capital-gain": 0.665,
            "workclass - capital-loss": 0.6647000000000001,
            "workclass - hours-per-week": 0.2913,
            "workclass - native-country": 0.6545,
            "workclass - label": 0.5987,
            "fnlwgt - education": 0.13570000000000026,
            "fnlwgt - marital-status": 0.09570000000000001,
            "fnlwgt - occupation": 0.15090000000000015,
            "fnlwgt - relationship": 0.09190000000000009,
            "fnlwgt - race": 0.16000000000000014,
            "fnlwgt - sex": 0.15550000000000008,
            "fnlwgt - native-country": 0.17909999999999993,
            "fnlwgt - label": 0.16620000000000013,
            "education - education-num": 0.09670000000000001,
            "education - marital-status": 0.27480000000000004,
            "education - occupation": 0.42169999999999996,
            "education - relationship": 0.30169999999999997,
            "education - race": 0.5233000000000001,
            "education - sex": 0.5436000000000001,
            "education - capital-gain": 0.5354,
            "education - capital-loss": 0.5307999999999999,
            "education - hours-per-week": 0.3154000000000001,
            "education - native-country": 0.501,
            "education - label": 0.5394000000000001,
            "education-num - marital-status": 0.25800000000000023,
            "education-num - occupation": 0.3429,
            "education-num - relationship": 0.2239,
            "education-num - race": 0.4214000000000001,
            "education-num - sex": 0.41670000000000007,
            "education-num - native-country": 0.4405,
            "education-num - label": 0.37850000000000006,
            "marital-status - occupation": 0.36350000000000016,
            "marital-status - relationship": 0.08130000000000004,
            "marital-status - race": 0.4296000000000001,
            "marital-status - sex": 0.4474999999999999,
            "marital-status - capital-gain": 0.42489999999999994,
            "marital-status - capital-loss": 0.4204000000000001,
            "marital-status - hours-per-week": 0.27200000000000013,
            "marital-status - native-country": 0.42510000000000003,
            "marital-status - label": 0.3489,
            "occupation - relationship": 0.3215,
            "occupation - race": 0.7185,
            "occupation - sex": 0.7016,
            "occupation - capital-gain": 0.7543,
            "occupation - capital-loss": 0.7521,
            "occupation - hours-per-week": 0.35609999999999997,
            "occupation - native-country": 0.7185999999999999,
            "occupation - label": 0.6880000000000001,
            "relationship - race": 0.31400000000000017,
            "relationship - sex": 0.24539999999999995,
            "relationship - capital-gain": 0.35740000000000005,
            "relationship - capital-loss": 0.3401000000000002,
            "relationship - hours-per-week": 0.20440000000000003,
            "relationship - native-country": 0.3427,
            "relationship - label": 0.35320000000000007,
            "race - sex": 0.6562,
            "race - capital-gain": 0.845,
            "race - capital-loss": 0.8179000000000001,
            "race - hours-per-week": 0.41080000000000005,
            "race - native-country": 0.7898000000000001,
            "race - label": 0.6779,
            "sex - capital-gain": 0.7297,
            "sex - capital-loss": 0.7071999999999999,
            "sex - hours-per-week": 0.389,
            "sex - native-country": 0.7135,
            "sex - label": 0.5769,
            "capital-gain - native-country": 0.9096,
            "capital-gain - label": 0.7938999999999999,
            "capital-loss - native-country": 0.9086,
            "capital-loss - label": 0.7528,
            "hours-per-week - native-country": 0.4164,
            "hours-per-week - label": 0.36340000000000017,
            "native-country - label": 0.7635
        },
        "CorrelationSimilarity": {
            "age - fnlwgt": 0.9969683902958967,
            "age - education-num": 0.9982366125195633,
            "age - capital-gain": 0.9822488782795129,
            "age - capital-loss": 0.9682673456432113,
            "age - hours-per-week": 0.9908663604110379,
            "fnlwgt - education-num": 0.9413127048047631,
            "fnlwgt - capital-gain": 0.9935146574066659,
            "fnlwgt - capital-loss": 0.9943968050903693,
            "fnlwgt - hours-per-week": 0.9884284797016979,
            "education-num - capital-gain": 0.982898007593479,
            "education-num - capital-loss": 0.9881533581503323,
            "education-num - hours-per-week": 0.9411625099611569,
            "capital-gain - capital-loss": 0.9964937327260103,
            "capital-gain - hours-per-week": 0.9967486151641942,
            "capital-loss - hours-per-week": 0.9896706939140598
        },
        "BoundaryAdherence": {
            "age": 0.976,
            "fnlwgt": 0.997,
            "education-num": 1.0,
            "capital-gain": 0.864,
            "capital-loss": 0.921,
            "hours-per-week": 0.999
        },
        "RangeCoverage": {
            "age": 0.9315068493150684,
            "fnlwgt": 0.7363611632113005,
            "education-num": 0.6666666666666666,
            "capital-gain": 0.15076150761507612,
            "capital-loss": 0.5883838383838385,
            "hours-per-week": 0.8877551020408163
        },
        "CategoryCoverage": {
            "workclass": 0.3333333333333333,
            "education": 1.0,
            "marital-status": 0.5714285714285714,
            "occupation": 1.0,