{
    "Dataset": "adult",
    "Num Rows": 1000,
    "Num Test Samples": 1000,
    "Synthesizer": "TVAESynthesizer",
    "Fit Time (s)": 5.789641380310059,
    "Sample Time (s)": 0.31273508071899414,
    "Decomposition Time (s)": 0.005448341369628906,
    "Overall Score": null,
    "Properties": {
        "Column Shapes": 0.6216884541221153,
        "Column Pair Trends": 0.442790240517306
    },
    "Metrics": {
        "BoundaryAdherence": 0.8460000000000001,
        "RangeCoverage": 0.620811808941716,
        "CategoryCoverage": 0.5322615655948989,
        "KSComplement": 0.6401666666666667,
        "TVComplement": 0.6093696457590809,
        "StatisticSimilarity": null,
        "CorrelationSimilarity": 0.8632650169544751,
        "ContingencySimilarity": 0.3727111111111112,
        "TableStructure": 1.0,
        "NewRowSynthesis": 1.0
    },
    "Metrics Overall Score": 0.7205095350031054,
    "Details": {
        "KSComplement": {
            "age": 0.883,
            "fnlwgt": 0.706,
            "education-num": 0.602,
            "capital-gain": 0.41200000000000003,
            "capital-loss": 0.469,
            "hours-per-week": 0.769
        },
        "TVComplement": {
            "workclass": 0.732,
            "education": 0.5107542277339345,
            "marital-status": 0.29500000000000004,
            "occupation": 0.44412096774193544,
            "relationship": 0.43906060606060615,
            "race": 0.837,
            "sex": 0.7310000000000001,
            "native-country": 0.5424592833876221,
            "label": 0.9529317269076305
        },
        "ContingencySimilarity": {
            "age - workclass": 0.583,
            "age - education": 0.4109999999999999,
            "age - marital-status": 0.21500000000000008,
            "age - occupation": 0.3810000000000001,
            "age - relationship": 0.3350000000000003,
            "age - race": 0.77,
            "age - sex": 0.705,
            "age - native-country": 0.4740000000000001,
            "age - label": 0.694,
            "workclass - fnlwgt": 0.29700000000000004,
            "workclass - education": 0.359,
            "workclass - education-num": 0.10999999999999999,
            "workclass - marital-status": 0.11699999999999988,
            "workclass - occupation": 0.27600000000000013,
            "workclass - relationship": 0.2400000000000002,
            "workclass - race": 0.6199999999999999,
            "workclass - sex": 0.51,
            "workclass - capital-gain": 0.616,
            "workclass - capital-loss": 0.701,
            "workclass - hours-per-week": 0.22100000000000009,
            "workclass - native-country": 0.43299999999999994,
            "workclass - label": 0.594,
            "fnlwgt - education": 0.2420000000000001,
            "fnlwgt - marital-status": 0.1459999999999999,
            "fnlwgt - occupation": 0.264,
            "fnlwgt - relationship": 0.22100000000000009,
            "fnlwgt - race": 0.373,
            "fnlwgt - sex": 0.3800000000000001,
            "fnlwgt - native-country": 0.2829999999999999,
            "fnlwgt - label": 0.40200000000000014,
            "education - education-num": 0.030999999999999917,
            "education - marital-status": 0.14000000000000012,
            "education - occupation": 0.2290000000000001,
            "education - relationship": 0.20499999999999996,
            "education - race": 0.45399999999999996,
            "education - sex": 0.41500000000000004,
            "education - capital-gain": 0.3590000000000001,
            "education - capital-loss": 0.43500000000000016,
            "education - hours-per-week": 0.22399999999999998,
            "education - native-country": 0.273,
            "education - label": 0.45100000000000007,
            "education-num - marital-status": 0.21100000000000008,
            "education-num - occupation": 0.18399999999999983,
            "education-num - relationship": 0.19400000000000006,
            "education-num - race": 0.2520000000000001,
            "education-num - sex": 0.2600000000000001,
            "education-num - native-country": 0.08500000000000008,
            "education-num - label": 0.19800000000000018,
            "marital-status - occupation": 0.16000000000000003,
            "marital-status - relationship": 0.19100000000000006,
            "marital-status - race": 0.28900000000000003,
            "marital-status - sex": 0.29400000000000015,
            "marital-status - capital-gain": 0.07900000000000018,
            "marital-status - capital-loss": 0.28500000000000025,
            "marital-status - hours-per-week": 0.14800000000000013,
            "marital-status - native-country": 0.07599999999999996,
            "marital-status - label": 0.29100000000000004,
            "occupation - relationship": 0.20200000000000007,
            "occupation - race": 0.384,
            "occupation - sex": 0.3320000000000002,
            "occupation - capital-gain": 0.3690000000000001,
            "occupation - capital-loss": 0.42400000000000015,
            "occupation - hours-per-week": 0.21499999999999986,
            "occupation - native-country": 0.33999999999999997,
            "occupation - label": 0.3620000000000002,
            "relationship - race": 0.42000000000000004,
            "relationship - sex": 0.36,
            "relationship - capital-gain": 0.16600000000000004,
            "relationship - capital-loss": 0.42100000000000026,
            "relationship - hours-per-week": 0.18500000000000005,
            "relationship - native-country": 0.16400000000000003,
            "relationship - label": 0.42000000000000015,
            "race - sex": 0.629,
            "race - capital-gain": 0.6940000000000001,
            "race - capital-loss": 0.794,
            "race - hours-per-week": 0.3629999999999999,
            "race - native-country": 0.4949999999999999,
            "race - label": 0.8180000000000001,
            "sex - capital-gain": 0.695,
            "sex - capital-loss": 0.694,
            "sex - hours-per-week": 0.3500000000000001,
            "sex - native-country": 0.5,
            "sex - label": 0.721,
            "capital-gain - native-country": 0.43600000000000017,
            "capital-gain - label": 0.683,
            "capital-loss - native-country": 0.4790000000000003,
            "capital-loss - label": 0.9279999999999999,
            "hours-per-week - native-country": 0.28700000000000014,
            "hours-per-week - label": 0.3280000000000002,
            "native-country - label": 0.5
        },
        "CorrelationSimilarity": {
            "age - fnlwgt": 0.9298031267476351,
            "age - education-num": 0.7736638562257949,
            "age - capital-gain": 0.7528544251918414,
            "age - capital-loss": 0.9007708007247779,
            "age - hours-per-week": 0.8829210547769661,
            "fnlwgt - education-num": 0.9193791381894028,
            "fnlwgt - capital-gain": 0.9601630693441223,
            "fnlwgt - capital-loss": 0.98563322066108,
            "fnlwgt - hours-per-week": 0.9546651131973463,
            "education-num - capital-gain": 0.6368569805927796,
            "education-num - capital-loss": 0.9137443967382035,
            "education-num - hours-per-week": 0.774035072317912,
            "capital-gain - capital-loss": 0.8930122213869166,
            "capital-gain - hours-per-week": 0.7441148852307218,
            "capital-loss - hours-per-week": 0.9273578929916244
        },
        "BoundaryAdherence": {
            "age": 1.0,
            "fnlwgt": 1.0,
            "education-num": 0.999,
            "capital-gain": 0.608,
            "capital-loss": 0.469,
            "hours-per-week": 1.0
        },
        "RangeCoverage": {
            "age": 0.8082191780821918,
            "fnlwgt": 0.4332607807486376,
            "education-num": 0.4666666666666667,
            "capital-gain": 1,
            "capital-loss": 0.5779487179487179,