{
    "Dataset": "adult",
    "Num Rows": 10000,
    "Num Test Samples": 4000,
    "Synthesizer": "TVAESynthesizer",
    "Fit Time (s)": 15.75188159942627,
    "Sample Time (s)": 0.8355612754821777,
    "Decomposition Time (s)": 0.019671916961669922,
    "Overall Score": null,
    "Properties": {
        "Column Shapes": 0.5081945896147404,
        "Column Pair Trends": 0.2695120009809304
    },
    "Metrics": {
        "BoundaryAdherence": 0.8939166666666667,
        "RangeCoverage": 0.1412578456019637,
        "CategoryCoverage": 0.30021561921968426,
        "KSComplement": 0.579825,
        "TVComplement": 0.46044098269123396,
        "StatisticSimilarity": null,
        "CorrelationSimilarity": 0.9345573401998463,
        "ContingencySimilarity": 0.15867111111111112,
        "TableStructure": 1.0,
        "NewRowSynthesis": 1.0
    },
    "Metrics Overall Score": 0.6076538406100563,
    "Details": {
        "KSComplement": {
            "age": 0.6797,
            "fnlwgt": 0.7219,
            "education-num": 0.59375,
            "capital-gain": 0.47935000000000005,
            "capital-loss": 0.35985,
            "hours-per-week": 0.6444
        },
        "TVComplement": {
            "workclass": 0.04764999999999997,
            "education": 0.38869999999999993,
            "marital-status": 0.17855,
            "occupation": 0.2272688442211056,
            "relationship": 0.13619999999999988,
            "race": 0.8471,
            "sex": 0.6673,
            "native-country": 0.8963,
            "label": 0.7549
        },
        "ContingencySimilarity": {
            "age - workclass": 0.04335,
            "age - education": 0.24514999999999998,
            "age - marital-status": 0.02365000000000006,
            "age - occupation": 0.1502,
            "age - relationship": 0.029649999999999954,
            "age - race": 0.4313499999999999,
            "age - sex": 0.38754999999999995,
            "age - native-country": 0.43535,
            "age - label": 0.36660000000000004,
            "workclass - fnlwgt": 0.0301499999999999,
            "workclass - education": 0.04149999999999998,
            "workclass - education-num": 0.007000000000000117,
            "workclass - marital-status": 0.014699999999999935,
            "workclass - occupation": 0.04590000000000016,
            "workclass - relationship": 0.03325,
            "workclass - race": 0.04755000000000009,
            "workclass - sex": 0.04765000000000008,
            "workclass - capital-gain": 0.019400000000000084,
            "workclass - capital-loss": 0.027450000000000085,
            "workclass - hours-per-week": 0.04249999999999987,
            "workclass - native-country": 0.04749999999999999,
            "workclass - label": 0.04764999999999997,
            "fnlwgt - education": 0.12030000000000007,
            "fnlwgt - marital-status": 0.07540000000000002,
            "fnlwgt - occupation": 0.10160000000000002,
            "fnlwgt - relationship": 0.07324999999999993,
            "fnlwgt - race": 0.20779999999999998,
            "fnlwgt - sex": 0.18209999999999993,
            "fnlwgt - native-country": 0.21945000000000003,
            "fnlwgt - label": 0.19879999999999998,
            "education - education-num": 0.014699999999999935,
            "education - marital-status": 0.1703500000000001,
            "education - occupation": 0.10310000000000008,
            "education - relationship": 0.10439999999999994,
            "education - race": 0.3327999999999999,
            "education - sex": 0.26159999999999994,
            "education - capital-gain": 0.19994999999999996,
            "education - capital-loss": 0.030849999999999933,
            "education - hours-per-week": 0.15505000000000002,
            "education - native-country": 0.3569000000000001,
            "education - label": 0.2970999999999999,
            "education-num - marital-status": 0.010800000000000032,
            "education-num - occupation": 0.0031000000000001027,
            "education-num - relationship": 0.0044999999999999485,
            "education-num - race": 0.018199999999999994,
            "education-num - sex": 0.015100000000000002,
            "education-num - native-country": 0.013199999999999878,
            "education-num - label": 0.010000000000000009,
            "marital-status - occupation": 0.06065000000000009,
            "marital-status - relationship": 0.009400000000000075,
            "marital-status - race": 0.17415000000000014,
            "marital-status - sex": 0.17244999999999988,
            "marital-status - capital-gain": 0.056499999999999884,
            "marital-status - capital-loss": 0.042950000000000044,
            "marital-status - hours-per-week": 0.055950000000000166,
            "marital-status - native-country": 0.1685500000000002,
            "marital-status - label": 0.17735000000000012,
            "occupation - relationship": 0.062450000000000117,
            "occupation - race": 0.19440000000000002,
            "occupation - sex": 0.12250000000000005,
            "occupation - capital-gain": 0.18009999999999993,
            "occupation - capital-loss": 0.03265000000000029,
            "occupation - hours-per-week": 0.10525000000000007,
            "occupation - native-country": 0.20914999999999995,
            "occupation - label": 0.20529999999999993,
            "relationship - race": 0.12640000000000018,
            "relationship - sex": 0.12309999999999999,
            "relationship - capital-gain": 0.054300000000000015,
            "relationship - capital-loss": 0.024349999999999872,
            "relationship - hours-per-week": 0.045600000000000085,
            "relationship - native-country": 0.1241500000000002,
            "relationship - label": 0.13459999999999994,
            "race - sex": 0.5826,
            "race - capital-gain": 0.20994999999999997,
            "race - capital-loss": 0.054850000000000065,
            "race - hours-per-week": 0.28180000000000005,
            "race - native-country": 0.7802,
            "race - label": 0.6273,
            "sex - capital-gain": 0.20845000000000002,
            "sex - capital-loss": 0.05025000000000013,
            "sex - hours-per-week": 0.2679999999999999,
            "sex - native-country": 0.5965,
            "sex - label": 0.4609,
            "capital-gain - native-country": 0.20479999999999987,
            "capital-gain - label": 0.19289999999999996,
            "capital-loss - native-country": 0.055499999999999994,
            "capital-loss - label": 0.035949999999999926,
            "hours-per-week - native-country": 0.2805500000000001,
            "hours-per-week - label": 0.21119999999999994,
            "native-country - label": 0.671
        },
        "CorrelationSimilarity": {
            "age - fnlwgt": 0.9591251590620866,
            "age - education-num": 0.9059642802810197,
            "age - capital-gain": 0.9403436419712338,
            "age - capital-loss": 0.9525874439655002,
            "age - hours-per-week": 0.7057421108722355,
            "fnlwgt - education-num": 0.9677399469793159,
            "fnlwgt - capital-gain": 0.9424412152450125,
            "fnlwgt - capital-loss": 0.9174187898576163,
            "fnlwgt - hours-per-week": 0.979696624489695,
            "education-num - capital-gain": 0.9414209602316939,
            "education-num - capital-loss": 0.9779842903973511,
            "education-num - hours-per-week": 0.9647712911538289,
            "capital-gain - capital-loss": 0.9538574914484714,
            "capital-gain - hours-per-week": 0.9544248399436115,
            "capital-loss - hours-per-week": 0.954842017099021
        },
        "BoundaryAdherence": {
            "age": 0.99975,
            "fnlwgt": 1.0,
            "education-num": 1.0,
            "capital-gain": 0.61575,
            "capital-loss": 0.748,
            "hours-per-week": 1.0
        },
        "RangeCoverage": {
            "age": 0.4246575342465754,