{
    "Dataset": "adult",
    "Num Rows": 1000,
    "Num Test Samples": 2000,
    "Synthesizer": "TVAESynthesizer",
    "Fit Time (s)": 4.736105442047119,
    "Sample Time (s)": 0.48772478103637695,
    "Decomposition Time (s)": 0.005846261978149414,
    "Overall Score": null,
    "Properties": {
        "Column Shapes": 0.5725209564053009,
        "Column Pair Trends": 0.48513884366546295
    },
    "Metrics": {
        "BoundaryAdherence": 0.8617500000000001,
        "RangeCoverage": 0.422502842817894,
        "CategoryCoverage": 0.6203754578754579,
        "KSComplement": 0.5601666666666666,
        "TVComplement": 0.5807571495643903,
        "StatisticSimilarity": null,
        "CorrelationSimilarity": 0.9636719056582408,
        "ContingencySimilarity": 0.4053833333333334,
        "TableStructure": 1.0,
        "NewRowSynthesis": 1.0
    },
    "Metrics Overall Score": 0.7127341506573315,
    "Details": {
        "KSComplement": {
            "age": 0.8345,
            "fnlwgt": 0.616,
            "education-num": 0.7204999999999999,
            "capital-gain": 0.4195,
            "capital-loss": 0.3355,
            "hours-per-week": 0.43500000000000005
        },
        "TVComplement": {
            "workclass": 0.733,
            "education": 0.5019398496240601,
            "marital-status": 0.15400000000000014,
            "occupation": 0.5511880940470235,
            "relationship": 0.2889999999999999,
            "race": 0.8385,
            "sex": 0.8075000000000001,
            "native-country": 0.6296864024084294,
            "label": 0.722
        },
        "ContingencySimilarity": {
            "age - workclass": 0.5449999999999999,
            "age - education": 0.4135,
            "age - marital-status": 0.123,
            "age - occupation": 0.4600000000000002,
            "age - relationship": 0.14700000000000002,
            "age - race": 0.635,
            "age - sex": 0.6440000000000001,
            "age - native-country": 0.551,
            "age - label": 0.5870000000000001,
            "workclass - fnlwgt": 0.4385000000000001,
            "workclass - education": 0.374,
            "workclass - education-num": 0.2915000000000001,
            "workclass - marital-status": 0.14949999999999997,
            "workclass - occupation": 0.4235,
            "workclass - relationship": 0.21450000000000014,
            "workclass - race": 0.6225,
            "workclass - sex": 0.5860000000000001,
            "workclass - capital-gain": 0.7195,
            "workclass - capital-loss": 0.7035,
            "workclass - hours-per-week": 0.49050000000000005,
            "workclass - native-country": 0.582,
            "workclass - label": 0.544,
            "fnlwgt - education": 0.347,
            "fnlwgt - marital-status": 0.14150000000000007,
            "fnlwgt - occupation": 0.3955000000000001,
            "fnlwgt - relationship": 0.20650000000000013,
            "fnlwgt - race": 0.486,
            "fnlwgt - sex": 0.5255000000000001,
            "fnlwgt - native-country": 0.40600000000000014,
            "fnlwgt - label": 0.4545,
            "education - education-num": 0.09749999999999992,
            "education - marital-status": 0.128,
            "education - occupation": 0.2885,
            "education - relationship": 0.16300000000000003,
            "education - race": 0.4570000000000001,
            "education - sex": 0.4435,
            "education - capital-gain": 0.4860000000000002,
            "education - capital-loss": 0.4770000000000001,
            "education - hours-per-week": 0.3650000000000002,
            "education - native-country": 0.30699999999999994,
            "education - label": 0.3360000000000001,
            "education-num - marital-status": 0.10250000000000026,
            "education-num - occupation": 0.25149999999999995,
            "education-num - relationship": 0.11749999999999994,
            "education-num - race": 0.31300000000000017,
            "education-num - sex": 0.3075000000000002,
            "education-num - native-country": 0.28500000000000014,
            "education-num - label": 0.3155000000000001,
            "marital-status - occupation": 0.1140000000000001,
            "marital-status - relationship": 0.02300000000000002,
            "marital-status - race": 0.14800000000000002,
            "marital-status - sex": 0.15400000000000014,
            "marital-status - capital-gain": 0.15400000000000014,
            "marital-status - capital-loss": 0.15200000000000002,
            "marital-status - hours-per-week": 0.11649999999999983,
            "marital-status - native-country": 0.09650000000000014,
            "marital-status - label": 0.1535000000000002,
            "occupation - relationship": 0.18699999999999994,
            "occupation - race": 0.5265,
            "occupation - sex": 0.495,
            "occupation - capital-gain": 0.542,
            "occupation - capital-loss": 0.5309999999999999,
            "occupation - hours-per-week": 0.42799999999999994,
            "occupation - native-country": 0.4,
            "occupation - label": 0.4654999999999999,
            "relationship - race": 0.23750000000000016,
            "relationship - sex": 0.17799999999999994,
            "relationship - capital-gain": 0.28600000000000003,
            "relationship - capital-loss": 0.276,
            "relationship - hours-per-week": 0.1884999999999999,
            "relationship - native-country": 0.25049999999999983,
            "relationship - label": 0.262,
            "race - sex": 0.706,
            "race - capital-gain": 0.817,
            "race - capital-loss": 0.7909999999999999,
            "race - hours-per-week": 0.5635000000000001,
            "race - native-country": 0.6220000000000001,
            "race - label": 0.5894999999999999,
            "sex - capital-gain": 0.785,
            "sex - capital-loss": 0.766,
            "sex - hours-per-week": 0.5555000000000001,
            "sex - native-country": 0.6275000000000001,
            "sex - label": 0.5675,
            "capital-gain - native-country": 0.6270000000000001,
            "capital-gain - label": 0.722,
            "capital-loss - native-country": 0.6245,
            "capital-loss - label": 0.706,
            "hours-per-week - native-country": 0.481,
            "hours-per-week - label": 0.49250000000000005,
            "native-country - label": 0.6275000000000001
        },
        "CorrelationSimilarity": {
            "age - fnlwgt": 0.995687822904859,
            "age - education-num": 0.9294628167099617,
            "age - capital-gain": 0.9464828710285095,
            "age - capital-loss": 0.9604227133391968,
            "age - hours-per-week": 0.9767754485456921,
            "fnlwgt - education-num": 0.9917730638491807,
            "fnlwgt - capital-gain": 0.9798171153792229,
            "fnlwgt - capital-loss": 0.9847918447405742,
            "fnlwgt - hours-per-week": 0.9670269041334347,
            "education-num - capital-gain": 0.9401162177061921,
            "education-num - capital-loss": 0.9585876249808054,
            "education-num - hours-per-week": 0.9364194745797568,
            "capital-gain - capital-loss": 0.986431227011306,
            "capital-gain - hours-per-week": 0.9438443261974964,
            "capital-loss - hours-per-week": 0.9574391137674212
        },
        "BoundaryAdherence": {
            "age": 1.0,
            "fnlwgt": 1.0,
            "education-num": 1.0,
            "capital-gain": 0.4195,
            "capital-loss": 0.751,
            "hours-per-week": 1.0
        },
        "RangeCoverage": {
            "age": 0.6438356164383562,
            "fnlwgt": 0.3168246337926207,
            "education-num": 0.2666666666666666,
            "capital-gain": 0.12232122321223216,
            "capital-loss": 0.5323076923076924,
            "hours-per-week": 0.653061224489796
        },
        "CategoryCoverage": {
            "workclass": 0.3333333333333333,