{
    "Dataset": "adult",
    "Num Rows": 1000,
    "Num Test Samples": 2000,
    "Synthesizer": "TVAESynthesizer",
    "Fit Time (s)": 4.484256267547607,
    "Sample Time (s)": 0.47161221504211426,
    "Decomposition Time (s)": 0,
    "Overall Score": null,
    "Properties": {
        "Column Shapes": 0.6324666666666668,
        "Column Pair Trends": 0.4682992665564486
    },
    "Metrics": {
        "BoundaryAdherence": 1.0,
        "RangeCoverage": 0.3905261459294405,
        "CategoryCoverage": 0.6812016687016688,
        "KSComplement": 0.6927499999999999,
        "TVComplement": 0.5922777777777778,
        "StatisticSimilarity": null,
        "CorrelationSimilarity": 0.9653281992284729,
        "ContingencySimilarity": 0.38546111111111114,
        "TableStructure": 1.0,
        "NewRowSynthesis": 1.0
    },
    "Metrics Overall Score": 0.7452827669720523,
    "Details": {
        "KSComplement": {
            "age": 0.6719999999999999,
            "fnlwgt": 0.847,
            "education-num": 0.6,
            "capital-gain": 0.618,
            "capital-loss": 0.618,
            "hours-per-week": 0.8015
        },
        "TVComplement": {
            "workclass": 0.739,
            "education": 0.532,
            "marital-status": 0.44650000000000023,
            "occupation": 0.32099999999999995,
            "relationship": 0.2975,
            "race": 0.772,
            "sex": 0.6895,
            "native-country": 0.8115,
            "label": 0.7214999999999999
        },
        "ContingencySimilarity": {
            "age - workclass": 0.39400000000000024,
            "age - education": 0.35250000000000015,
            "age - marital-status": 0.23449999999999993,
            "age - occupation": 0.24199999999999988,
            "age - relationship": 0.1945,
            "age - race": 0.4665,
            "age - sex": 0.4665,
            "age - native-country": 0.48949999999999994,
            "age - label": 0.4095000000000001,
            "workclass - fnlwgt": 0.395,
            "workclass - education": 0.41400000000000003,
            "workclass - education-num": 0.38500000000000023,
            "workclass - marital-status": 0.37050000000000005,
            "workclass - occupation": 0.23199999999999998,
            "workclass - relationship": 0.23099999999999998,
            "workclass - race": 0.5575000000000001,
            "workclass - sex": 0.5225,
            "workclass - capital-gain": 0.49250000000000005,
            "workclass - capital-loss": 0.544,
            "workclass - hours-per-week": 0.29999999999999993,
            "workclass - native-country": 0.5874999999999999,
            "workclass - label": 0.567,
            "fnlwgt - education": 0.3175,
            "fnlwgt - marital-status": 0.31000000000000016,
            "fnlwgt - occupation": 0.20450000000000002,
            "fnlwgt - relationship": 0.2170000000000002,
            "fnlwgt - race": 0.4305,
            "fnlwgt - sex": 0.39150000000000007,
            "fnlwgt - native-country": 0.44599999999999995,
            "fnlwgt - label": 0.40549999999999997,
            "education - education-num": 0.4285000000000001,
            "education - marital-status": 0.3155,
            "education - occupation": 0.1765,
            "education - relationship": 0.18599999999999994,
            "education - race": 0.46599999999999997,
            "education - sex": 0.3405,
            "education - capital-gain": 0.4515000000000001,
            "education - capital-loss": 0.49050000000000016,
            "education - hours-per-week": 0.24950000000000006,
            "education - native-country": 0.5055000000000001,
            "education - label": 0.4375,
            "education-num - marital-status": 0.33950000000000025,
            "education-num - occupation": 0.16800000000000015,
            "education-num - relationship": 0.20700000000000007,
            "education-num - race": 0.40000000000000013,
            "education-num - sex": 0.3885000000000002,
            "education-num - native-country": 0.43900000000000006,
            "education-num - label": 0.43200000000000005,
            "marital-status - occupation": 0.24650000000000016,
            "marital-status - relationship": 0.1875,
            "marital-status - race": 0.36849999999999994,
            "marital-status - sex": 0.30200000000000016,
            "marital-status - capital-gain": 0.41300000000000003,
            "marital-status - capital-loss": 0.4145,
            "marital-status - hours-per-week": 0.2915,
            "marital-status - native-country": 0.40449999999999986,
            "marital-status - label": 0.43600000000000017,
            "occupation - relationship": 0.13800000000000012,
            "occupation - race": 0.27249999999999985,
            "occupation - sex": 0.2599999999999999,
            "occupation - capital-gain": 0.25650000000000006,
            "occupation - capital-loss": 0.27600000000000013,
            "occupation - hours-per-week": 0.2380000000000001,
            "occupation - native-country": 0.29000000000000004,
            "occupation - label": 0.22550000000000003,
            "relationship - race": 0.265,
            "relationship - sex": 0.16899999999999982,
            "relationship - capital-gain": 0.28300000000000003,
            "relationship - capital-loss": 0.28800000000000003,
            "relationship - hours-per-week": 0.1825000000000001,
            "relationship - native-country": 0.269,
            "relationship - label": 0.272,
            "race - sex": 0.6199999999999999,
            "race - capital-gain": 0.5295000000000001,
            "race - capital-loss": 0.5965,
            "race - hours-per-week": 0.36750000000000005,
            "race - native-country": 0.606,
            "race - label": 0.625,
            "sex - capital-gain": 0.6635,
            "sex - capital-loss": 0.6885,
            "sex - hours-per-week": 0.31500000000000017,
            "sex - native-country": 0.633,
            "sex - label": 0.4484999999999999,
            "capital-gain - native-country": 0.5575,
            "capital-gain - label": 0.648,
            "capital-loss - native-country": 0.617,
            "capital-loss - label": 0.6970000000000001,
            "hours-per-week - native-country": 0.3760000000000001,
            "hours-per-week - label": 0.30800000000000016,
            "native-country - label": 0.654
        },
        "CorrelationSimilarity": {
            "age - fnlwgt": 0.9143708261648542,
            "age - education-num": 0.9904831497601779,
            "age - capital-gain": 0.9429738873089812,
            "age - capital-loss": 0.9346396114299103,
            "age - hours-per-week": 0.9879990195583207,
            "fnlwgt - education-num": 0.9850983975254938,
            "fnlwgt - capital-gain": 0.9970383474841092,
            "fnlwgt - capital-loss": 0.9990014613465422,
            "fnlwgt - hours-per-week": 0.9999486485503862,
            "education-num - capital-gain": 0.9402612510633639,
            "education-num - capital-loss": 0.9141546219292538,
            "education-num - hours-per-week": 0.9273673149953803,
            "capital-gain - capital-loss": 0.9956517296245425,
            "capital-gain - hours-per-week": 0.9616433155579811,
            "capital-loss - hours-per-week": 0.9892914061277995
        },
        "BoundaryAdherence": {
            "age": 1.0,
            "fnlwgt": 1.0,
            "education-num": 1.0,
            "capital-gain": 1.0,
            "capital-loss": 1.0,
            "hours-per-week": 1.0
        },
        "RangeCoverage": {
            "age": 0.589041095890411,
            "fnlwgt": 0.46042738330462285,
            "education-num": 0.7333333333333334,
            "capital-gain": 0.003950039500394964,
            "capital-loss": 0.005384615384615432,
            "hours-per-week": 0.5510204081632653
        },
        "CategoryCoverage": {
            "workclass": 0.6666666666666666,
            "education": 0.3125,