{
    "Dataset": "asia",
    "Num Rows": 5000,
    "Num Test Samples": 4000,
    "Synthesizer": "TVAESynthesizer",
    "Fit Time (s)": 7.506404876708984,
    "Sample Time (s)": 0.9371004104614258,
    "Decomposition Time (s)": 0.03491616249084473,
    "Overall Score": null,
    "Properties": {
        "Column Shapes": 0.7914187500000001,
        "Column Pair Trends": 0.6442125000000001
    },
    "Metrics": {
        "BoundaryAdherence": null,
        "RangeCoverage": null,
        "CategoryCoverage": 0.6875,
        "KSComplement": null,
        "TVComplement": 0.7914187500000001,
        "StatisticSimilarity": null,
        "CorrelationSimilarity": null,
        "ContingencySimilarity": 0.6442125000000001,
        "TableStructure": 1.0,
        "NewRowSynthesis": 0.0
    },
    "Metrics Overall Score": 0.62462625,
    "Details": {
        "TVComplement": {
            "asia": 0.9908,
            "tub": 0.99,
            "smoke": 0.49134999999999995,
            "lung": 0.9416,
            "bronc": 0.5485,
            "either": 0.9324,
            "xray": 0.8806,
            "dysp": 0.5560999999999999
        },
        "ContingencySimilarity": {
            "asia - tub": 0.9818,
            "asia - smoke": 0.48655000000000004,
            "asia - lung": 0.9326,
            "asia - bronc": 0.5437000000000001,
            "asia - either": 0.9244,
            "asia - xray": 0.8734,
            "asia - dysp": 0.5517000000000001,
            "tub - smoke": 0.48614999999999997,
            "tub - lung": 0.9324,
            "tub - bronc": 0.5427,
            "tub - either": 0.9324,
            "tub - xray": 0.8806,
            "tub - dysp": 0.5543,
            "smoke - lung": 0.48635000000000006,
            "smoke - bronc": 0.3469500000000001,
            "smoke - either": 0.48114999999999997,
            "smoke - xray": 0.45335000000000003,
            "smoke - dysp": 0.3409500000000001,
            "lung - bronc": 0.5225,
            "lung - either": 0.9324,
            "lung - xray": 0.88,
            "lung - dysp": 0.5467,
            "bronc - either": 0.5170999999999999,
            "bronc - xray": 0.4901,
            "bronc - dysp": 0.47609999999999997,
            "either - xray": 0.88,
            "either - dysp": 0.5450999999999999,
            "xray - dysp": 0.5165
        },
        "CategoryCoverage": {
            "asia": 0.5,
            "tub": 0.5,
            "smoke": 1.0,
            "lung": 0.5,
            "bronc": 1.0,
            "either": 0.5,
            "xray": 0.5,
            "dysp": 1.0
        }
    }
}