{
    "Dataset": "adult",
    "Num Rows": 10000,
    "Num Test Samples": 2000,
    "Synthesizer": "REaLTabFormer",
    "Fit Time (s)": 191.78521180152893,
    "Sample Time (s)": 7.085609197616577,
    "Decomposition Time (s)": 0,
    "Overall Score": null,
    "Properties": {
        "Column Shapes": 0.9806,
        "Column Pair Trends": 0.8455067647032395
    },
    "Metrics": {
        "BoundaryAdherence": 0.9996666666666667,
        "RangeCoverage": 0.8471712779568389,
        "CategoryCoverage": 0.9152734761474599,
        "KSComplement": 0.9846166666666666,
        "TVComplement": 0.9779222222222221,
        "StatisticSimilarity": null,
        "CorrelationSimilarity": 0.9900473529226758,
        "ContingencySimilarity": 0.8214166666666668,
        "TableStructure": 1.0,
        "NewRowSynthesis": 0.998
    },
    "Metrics Overall Score": 0.9482349254721328,
    "Details": {
        "KSComplement": {
            "age": 0.9851,
            "fnlwgt": 0.977,
            "education-num": 0.979,
            "capital-gain": 0.9892,
            "capital-loss": 0.9952,
            "hours-per-week": 0.9822
        },
        "TVComplement": {
            "workclass": 0.9625,
            "education": 0.965,
            "marital-status": 0.984,
            "occupation": 0.9702999999999999,
            "relationship": 0.9831,
            "race": 0.9811,
            "sex": 0.9943,
            "native-country": 0.9709,
            "label": 0.9901
        },
        "ContingencySimilarity": {
            "age - workclass": 0.912,
            "age - education": 0.886,
            "age - marital-status": 0.9232,
            "age - occupation": 0.8914,
            "age - relationship": 0.9174,
            "age - race": 0.9091,
            "age - sex": 0.9232,
            "age - native-country": 0.8961,
            "age - label": 0.9289,
            "workclass - fnlwgt": 0.5654000000000001,
            "workclass - education": 0.9079,
            "workclass - education-num": 0.5448,
            "workclass - marital-status": 0.943,
            "workclass - occupation": 0.9388,
            "workclass - relationship": 0.9408,
            "workclass - race": 0.9447,
            "workclass - sex": 0.9556,
            "workclass - capital-gain": 0.9572999999999999,
            "workclass - capital-loss": 0.9208000000000001,
            "workclass - hours-per-week": 0.4949,
            "workclass - native-country": 0.9235,
            "workclass - label": 0.9544,
            "fnlwgt - education": 0.5640999999999999,
            "fnlwgt - marital-status": 0.5654000000000001,
            "fnlwgt - occupation": 0.565,
            "fnlwgt - relationship": 0.5653000000000001,
            "fnlwgt - race": 0.5650000000000002,
            "fnlwgt - sex": 0.5656000000000001,
            "fnlwgt - native-country": 0.5559000000000001,
            "fnlwgt - label": 0.5655000000000001,
            "education - education-num": 0.4978,
            "education - marital-status": 0.936,
            "education - occupation": 0.9003,
            "education - relationship": 0.9214,
            "education - race": 0.9423,
            "education - sex": 0.9533,
            "education - capital-gain": 0.9578,
            "education - capital-loss": 0.9233,
            "education - hours-per-week": 0.4822000000000001,
            "education - native-country": 0.914,
            "education - label": 0.9612999999999999,
            "education-num - marital-status": 0.5398000000000001,
            "education-num - occupation": 0.54,
            "education-num - relationship": 0.5431,
            "education-num - race": 0.5483,
            "education-num - sex": 0.5517,
            "education-num - native-country": 0.5323,
            "education-num - label": 0.5510999999999999,
            "marital-status - occupation": 0.9369,
            "marital-status - relationship": 0.9602,
            "marital-status - race": 0.9639,
            "marital-status - sex": 0.9831,
            "marital-status - capital-gain": 0.9793000000000001,
            "marital-status - capital-loss": 0.9369999999999999,
            "marital-status - hours-per-week": 0.4980000000000001,
            "marital-status - native-country": 0.9444,
            "marital-status - label": 0.9675,
            "occupation - relationship": 0.9351,
            "occupation - race": 0.9416,
            "occupation - sex": 0.9611000000000001,
            "occupation - capital-gain": 0.9629,
            "occupation - capital-loss": 0.9266,
            "occupation - hours-per-week": 0.4869,
            "occupation - native-country": 0.921,
            "occupation - label": 0.9596,
            "relationship - race": 0.97,
            "relationship - sex": 0.9769,
            "relationship - capital-gain": 0.9807,
            "relationship - capital-loss": 0.9336,
            "relationship - hours-per-week": 0.49219999999999997,
            "relationship - native-country": 0.9521,
            "relationship - label": 0.9704,
            "race - sex": 0.9805,
            "race - capital-gain": 0.976,
            "race - capital-loss": 0.9378,
            "race - hours-per-week": 0.5025000000000001,
            "race - native-country": 0.9448000000000001,
            "race - label": 0.9803,
            "sex - capital-gain": 0.9863,
            "sex - capital-loss": 0.9464,
            "sex - hours-per-week": 0.4997999999999999,
            "sex - native-country": 0.9631000000000001,
            "sex - label": 0.9894999999999999,
            "capital-gain - native-country": 0.9639,
            "capital-gain - label": 0.9861,
            "capital-loss - native-country": 0.9284,
            "capital-loss - label": 0.9474,
            "hours-per-week - native-country": 0.49570000000000014,
            "hours-per-week - label": 0.5027000000000001,
            "native-country - label": 0.9682999999999999
        },
        "CorrelationSimilarity": {
            "age - fnlwgt": 0.9664902644799935,
            "age - education-num": 0.987484708538221,
            "age - capital-gain": 0.9897236738685139,
            "age - capital-loss": 0.9917374003617662,
            "age - hours-per-week": 0.9856966899330366,
            "fnlwgt - education-num": 0.9735284649140831,
            "fnlwgt - capital-gain": 0.9812338269100719,
            "fnlwgt - capital-loss": 0.9940004307705351,
            "fnlwgt - hours-per-week": 0.9898012889888474,
            "education-num - capital-gain": 0.9989708601408605,
            "education-num - capital-loss": 0.9995700378680695,
            "education-num - hours-per-week": 0.9970555356683535,
            "capital-gain - capital-loss": 0.9979041679526769,
            "capital-gain - hours-per-week": 0.9997539462038336,
            "capital-loss - hours-per-week": 0.9977589972412725
        },
        "BoundaryAdherence": {
            "age": 0.9995,
            "fnlwgt": 0.999,
            "education-num": 1.0,
            "capital-gain": 1.0,
            "capital-loss": 1.0,
            "hours-per-week": 0.9995
        },
        "RangeCoverage": {
            "age": 1.0,
            "fnlwgt": 0.5583261066758359,
            "education-num": 0.9333333333333333,
            "capital-gain": 1.0,
            "capital-loss": 0.5913682277318641,
            "hours-per-week": 1.0
        },
        "CategoryCoverage": {
            "workclass": 0.7777777777777778,
            "education": 0.9375,
            "marital-status": 0.8571428571428571,
            "occupation": 0.9333333333333333,
            "relationship": 1.0,
            "race": 1.0,
            "sex": 1.0,
            "native-country": 0.7317073170731707,
            "label": 1.0
        },
        "StatisticalSimilarity": {
            "age - workclass": 0.9969328767123288,
            "age - fnlwgt": 0.9969328767123288,
            "age - education": 0.9969328767123288,
            "age - education-num": 0.9969328767123288,