{
    "Dataset": "adult",
    "Num Rows": 5000,
    "Num Test Samples": 2000,
    "Synthesizer": "REaLTabFormer",
    "Fit Time (s)": 105.0638177394867,
    "Sample Time (s)": 15.126761436462402,
    "Decomposition Time (s)": 0.02038717269897461,
    "Overall Score": null,
    "Properties": {
        "Column Shapes": 0.7453574470120482,
        "Column Pair Trends": 0.5215515152966528
    },
    "Metrics": {
        "BoundaryAdherence": 0.9175833333333334,
        "RangeCoverage": 0.8062725276568875,
        "CategoryCoverage": 0.7841710758377425,
        "KSComplement": 0.8492500000000001,
        "TVComplement": 0.6760957450200803,
        "StatisticSimilarity": null,
        "CorrelationSimilarity": 0.9776739404099025,
        "ContingencySimilarity": 0.4455311111111112,
        "TableStructure": 1.0,
        "NewRowSynthesis": null
    },
    "Metrics Overall Score": 0.8070722166711322,
    "Details": {
        "KSComplement": {
            "age": 0.9745,
            "fnlwgt": 0.9796,
            "education-num": 0.762,
            "capital-gain": 0.6819999999999999,
            "capital-loss": 0.864,
            "hours-per-week": 0.8334
        },
        "TVComplement": {
            "workclass": 0.7156,
            "education": 0.6056293304994685,
            "marital-status": 0.4296,
            "occupation": 0.7750721905748317,
            "relationship": 0.3437555555555556,
            "race": 0.851,
            "sex": 0.7284,
            "native-country": 0.8586633165829146,
            "label": 0.777141311967952
        },
        "ContingencySimilarity": {
            "age - workclass": 0.5044000000000001,
            "age - education": 0.5131,
            "age - marital-status": 0.2509999999999999,
            "age - occupation": 0.6118,
            "age - relationship": 0.2025,
            "age - race": 0.6241000000000001,
            "age - sex": 0.5684,
            "age - native-country": 0.6645,
            "age - label": 0.5236,
            "workclass - fnlwgt": 0.03749999999999987,
            "workclass - education": 0.41800000000000004,
            "workclass - education-num": 0.39690000000000003,
            "workclass - marital-status": 0.30499999999999994,
            "workclass - occupation": 0.4829,
            "workclass - relationship": 0.24019999999999997,
            "workclass - race": 0.6364000000000001,
            "workclass - sex": 0.5283,
            "workclass - capital-gain": 0.7121000000000001,
            "workclass - capital-loss": 0.6961000000000002,
            "workclass - hours-per-week": 0.2859999999999999,
            "workclass - native-country": 0.6186,
            "workclass - label": 0.5848000000000001,
            "fnlwgt - education": 0.04720000000000013,
            "fnlwgt - marital-status": 0.03090000000000015,
            "fnlwgt - occupation": 0.04749999999999999,
            "fnlwgt - relationship": 0.03280000000000005,
            "fnlwgt - race": 0.038100000000000134,
            "fnlwgt - sex": 0.047900000000000054,
            "fnlwgt - native-country": 0.04370000000000007,
            "fnlwgt - label": 0.04229999999999989,
            "education - education-num": 0.11249999999999993,
            "education - marital-status": 0.2764,
            "education - occupation": 0.43479999999999996,
            "education - relationship": 0.30710000000000004,
            "education - race": 0.5218,
            "education - sex": 0.5434,
            "education - capital-gain": 0.5669000000000001,
            "education - capital-loss": 0.5508000000000001,
            "education - hours-per-week": 0.35660000000000003,
            "education - native-country": 0.4724999999999999,
            "education - label": 0.5242,
            "education-num - marital-status": 0.27869999999999995,
            "education-num - occupation": 0.41770000000000007,
            "education-num - relationship": 0.26070000000000004,
            "education-num - race": 0.48540000000000005,
            "education-num - sex": 0.4677,
            "education-num - native-country": 0.47550000000000003,
            "education-num - label": 0.5111999999999999,
            "marital-status - occupation": 0.3295,
            "marital-status - relationship": 0.06720000000000015,
            "marital-status - race": 0.4065000000000001,
            "marital-status - sex": 0.42920000000000014,
            "marital-status - capital-gain": 0.42920000000000025,
            "marital-status - capital-loss": 0.41080000000000005,
            "marital-status - hours-per-week": 0.2609,
            "marital-status - native-country": 0.36760000000000015,
            "marital-status - label": 0.32600000000000007,
            "occupation - relationship": 0.3244,
            "occupation - race": 0.6757,
            "occupation - sex": 0.6689,
            "occupation - capital-gain": 0.7498,
            "occupation - capital-loss": 0.7312000000000001,
            "occupation - hours-per-week": 0.3873,
            "occupation - native-country": 0.6393,
            "occupation - label": 0.6878,
            "relationship - race": 0.29390000000000005,
            "relationship - sex": 0.2291000000000002,
            "relationship - capital-gain": 0.3416000000000001,
            "relationship - capital-loss": 0.32800000000000007,
            "relationship - hours-per-week": 0.21430000000000016,
            "relationship - native-country": 0.3247,
            "relationship - label": 0.3288000000000001,
            "race - sex": 0.6428,
            "race - capital-gain": 0.8403,
            "race - capital-loss": 0.8101,
            "race - hours-per-week": 0.3932,
            "race - native-country": 0.7888999999999999,
            "race - label": 0.6520000000000001,
            "sex - capital-gain": 0.7189,
            "sex - capital-loss": 0.6924000000000001,
            "sex - hours-per-week": 0.3696999999999998,
            "sex - native-country": 0.7070000000000001,
            "sex - label": 0.5448999999999999,
            "capital-gain - native-country": 0.8531,
            "capital-gain - label": 0.7764,
            "capital-loss - native-country": 0.8307,
            "capital-loss - label": 0.7400000000000002,
            "hours-per-week - native-country": 0.4,
            "hours-per-week - label": 0.3284,
            "native-country - label": 0.7568
        },
        "CorrelationSimilarity": {
            "age - fnlwgt": 0.9903976769892082,
            "age - education-num": 0.961467150550965,
            "age - capital-gain": 0.9873755661846421,
            "age - capital-loss": 0.993383458761671,
            "age - hours-per-week": 0.9314285316562656,
            "fnlwgt - education-num": 0.9669126482440225,
            "fnlwgt - capital-gain": 0.9927824294703692,
            "fnlwgt - capital-loss": 0.9987637680868453,
            "fnlwgt - hours-per-week": 0.9712477532698078,
            "education-num - capital-gain": 0.9822582755427725,
            "education-num - capital-loss": 0.9823400603108339,
            "education-num - hours-per-week": 0.9701941146361134,
            "capital-gain - capital-loss": 0.9377030939440166,
            "capital-gain - hours-per-week": 0.9993276854629952,
            "capital-loss - hours-per-week": 0.9995268930380098
        },
        "BoundaryAdherence": {
            "age": 0.974,
            "fnlwgt": 0.9925,
            "education-num": 1.0,
            "capital-gain": 0.6805,
            "capital-loss": 0.864,
            "hours-per-week": 0.9945
        },
        "RangeCoverage": {
            "age": 1,
            "fnlwgt": 0.46355297107990956,
            "education-num": 0.7333333333333334,
            "capital-gain": 1,
            "capital-loss": 0.6611570247933884,
            "hours-per-week": 0.9795918367346939
        },
        "CategoryCoverage": {
            "workclass": 0.4444444444444444,
            "education": 1.0,
            "marital-status": 0.5714285714285714,