{
    "Dataset": "asia",
    "Num Rows": 5000,
    "Num Test Samples": 2000,
    "Synthesizer": "TVAESynthesizer",
    "Fit Time (s)": 7.451624393463135,
    "Sample Time (s)": 0.5529091358184814,
    "Decomposition Time (s)": 0.0069735050201416016,
    "Overall Score": null,
    "Properties": {
        "Column Shapes": 0.803075,
        "Column Pair Trends": 0.6641499999999999
    },
    "Metrics": {
        "BoundaryAdherence": null,
        "RangeCoverage": null,
        "CategoryCoverage": 0.6875,
        "KSComplement": null,
        "TVComplement": 0.803075,
        "StatisticSimilarity": null,
        "CorrelationSimilarity": null,
        "ContingencySimilarity": 0.6641499999999999,
        "TableStructure": 1.0,
        "NewRowSynthesis": 0.0
    },
    "Metrics Overall Score": 0.630945,
    "Details": {
        "TVComplement": {
            "asia": 0.9908,
            "tub": 0.99,
            "smoke": 0.5216000000000001,
            "lung": 0.9416,
            "bronc": 0.5800000000000001,
            "either": 0.9324,
            "xray": 0.8806,
            "dysp": 0.5876
        },
        "ContingencySimilarity": {
            "asia - tub": 0.9818,
            "asia - smoke": 0.5168,
            "asia - lung": 0.9326,
            "asia - bronc": 0.5752,
            "asia - either": 0.9244,
            "asia - xray": 0.8734,
            "asia - dysp": 0.5832,
            "tub - smoke": 0.5164,
            "tub - lung": 0.9324,
            "tub - bronc": 0.5742,
            "tub - either": 0.9324,
            "tub - xray": 0.8806,
            "tub - dysp": 0.5858,
            "smoke - lung": 0.5166,
            "smoke - bronc": 0.3772,
            "smoke - either": 0.5114000000000001,
            "smoke - xray": 0.48360000000000003,
            "smoke - dysp": 0.3712,
            "lung - bronc": 0.554,
            "lung - either": 0.9324,
            "lung - xray": 0.88,
            "lung - dysp": 0.5782,
            "bronc - either": 0.5486,
            "bronc - xray": 0.5216000000000001,
            "bronc - dysp": 0.5076,
            "either - xray": 0.88,
            "either - dysp": 0.5766,
            "xray - dysp": 0.548
        },
        "CategoryCoverage": {
            "asia": 0.5,
            "tub": 0.5,
            "smoke": 1.0,
            "lung": 0.5,
            "bronc": 1.0,
            "either": 0.5,
            "xray": 0.5,
            "dysp": 1.0
        }
    }
}