{
    "Dataset": "asia",
    "Num Rows": 10000,
    "Num Test Samples": 4000,
    "Synthesizer": "REaLTabFormer",
    "Fit Time (s)": 178.21767044067383,
    "Sample Time (s)": 4.1393210887908936,
    "Decomposition Time (s)": 0,
    "Overall Score": null,
    "Properties": {
        "Column Shapes": 0.9922375,
        "Column Pair Trends": 0.9865446428571428
    },
    "Metrics": {
        "BoundaryAdherence": null,
        "RangeCoverage": null,
        "CategoryCoverage": 1.0,
        "KSComplement": null,
        "TVComplement": 0.9922375,
        "StatisticSimilarity": null,
        "CorrelationSimilarity": null,
        "ContingencySimilarity": 0.9865446428571428,
        "TableStructure": 1.0,
        "NewRowSynthesis": 0.0005
    },
    "Metrics Overall Score": 0.7958564285714286,
    "Details": {
        "TVComplement": {
            "asia": 0.9984500000000001,
            "tub": 1.0,
            "smoke": 0.9873000000000001,
            "lung": 0.994,
            "bronc": 0.9905,
            "either": 0.9934,
            "xray": 0.99485,
            "dysp": 0.9794
        },
        "ContingencySimilarity": {
            "asia - tub": 0.99775,
            "asia - smoke": 0.9863999999999999,
            "asia - lung": 0.994,
            "asia - bronc": 0.9874499999999999,
            "asia - either": 0.9934000000000001,
            "asia - xray": 0.99485,
            "asia - dysp": 0.97565,
            "tub - smoke": 0.9873,
            "tub - lung": 0.9928,
            "tub - bronc": 0.9904999999999999,
            "tub - either": 0.9934,
            "tub - xray": 0.99485,
            "tub - dysp": 0.9788,
            "smoke - lung": 0.9873000000000001,
            "smoke - bronc": 0.9654,
            "smoke - either": 0.9873,
            "smoke - xray": 0.9873000000000001,
            "smoke - dysp": 0.9677,
            "lung - bronc": 0.9905,
            "lung - either": 0.9934,
            "lung - xray": 0.9937,
            "lung - dysp": 0.97885,
            "bronc - either": 0.9904999999999999,
            "bronc - xray": 0.9905,
            "bronc - dysp": 0.9731,
            "either - xray": 0.9928,
            "either - dysp": 0.9783499999999999,
            "xray - dysp": 0.9794
        },
        "CategoryCoverage": {
            "asia": 1.0,
            "tub": 1.0,
            "smoke": 1.0,
            "lung": 1.0,
            "bronc": 1.0,
            "either": 1.0,
            "xray": 1.0,
            "dysp": 1.0
        }
    }
}