{
    "Dataset": "adult",
    "Num Rows": 10000,
    "Num Test Samples": 4000,
    "Synthesizer": "REaLTabFormer",
    "Fit Time (s)": 209.64397287368774,
    "Sample Time (s)": 28.706096172332764,
    "Decomposition Time (s)": 0.0277101993560791,
    "Overall Score": null,
    "Properties": {
        "Column Shapes": 0.77367294328899,
        "Column Pair Trends": 0.5478621722031068
    },
    "Metrics": {
        "BoundaryAdherence": 0.9556666666666667,
        "RangeCoverage": 0.8631594392172173,
        "CategoryCoverage": 0.7938744784273238,
        "KSComplement": 0.894875,
        "TVComplement": 0.6928715721483167,
        "StatisticSimilarity": null,
        "CorrelationSimilarity": 0.9861118720884142,
        "ContingencySimilarity": 0.4748205555555555,
        "TableStructure": 1.0,
        "NewRowSynthesis": null
    },
    "Metrics Overall Score": 0.8326724480129368,
    "Details": {
        "KSComplement": {
            "age": 0.97625,
            "fnlwgt": 0.98335,
            "education-num": 0.75225,
            "capital-gain": 0.855,
            "capital-loss": 0.9095,
            "hours-per-week": 0.8929
        },
        "TVComplement": {
            "workclass": 0.6938,
            "education": 0.5836395099540581,
            "marital-status": 0.44820000000000004,
            "occupation": 0.8051753750646664,
            "relationship": 0.3659903951975988,
            "race": 0.8557,
            "sex": 0.73755,
            "native-country": 0.9475847389558233,
            "label": 0.7982041301627034
        },
        "ContingencySimilarity": {
            "age - workclass": 0.43995000000000006,
            "age - education": 0.4704999999999999,
            "age - marital-status": 0.23009999999999997,
            "age - occupation": 0.56225,
            "age - relationship": 0.19129999999999991,
            "age - race": 0.5765499999999999,
            "age - sex": 0.5386,
            "age - native-country": 0.6253500000000001,
            "age - label": 0.49144999999999994,
            "workclass - fnlwgt": 0.13329999999999997,
            "workclass - education": 0.39864999999999995,
            "workclass - education-num": 0.5100500000000001,
            "workclass - marital-status": 0.31164999999999987,
            "workclass - occupation": 0.51285,
            "workclass - relationship": 0.25869999999999993,
            "workclass - race": 0.63425,
            "workclass - sex": 0.5188000000000001,
            "workclass - capital-gain": 0.6782,
            "workclass - capital-loss": 0.6691500000000001,
            "workclass - hours-per-week": 0.28575000000000006,
            "workclass - native-country": 0.65625,
            "workclass - label": 0.5987,
            "fnlwgt - education": 0.1319499999999998,
            "fnlwgt - marital-status": 0.09934999999999994,
            "fnlwgt - occupation": 0.15569999999999973,
            "fnlwgt - relationship": 0.09109999999999996,
            "fnlwgt - race": 0.16054999999999997,
            "fnlwgt - sex": 0.15425,
            "fnlwgt - native-country": 0.1746500000000002,
            "fnlwgt - label": 0.16464999999999996,
            "education - education-num": 0.29374999999999996,
            "education - marital-status": 0.2812500000000001,
            "education - occupation": 0.45219999999999994,
            "education - relationship": 0.30745,
            "education - race": 0.53645,
            "education - sex": 0.5633,
            "education - capital-gain": 0.5582500000000001,
            "education - capital-loss": 0.5498000000000001,
            "education - hours-per-week": 0.32265,
            "education - native-country": 0.52395,
            "education - label": 0.5533500000000001,
            "education-num - marital-status": 0.33024999999999993,
            "education-num - occupation": 0.57915,
            "education-num - relationship": 0.27795000000000003,
            "education-num - race": 0.6021000000000001,
            "education-num - sex": 0.53575,
            "education-num - native-country": 0.68935,
            "education-num - label": 0.62575,
            "marital-status - occupation": 0.36445000000000005,
            "marital-status - relationship": 0.08479999999999999,
            "marital-status - race": 0.4286000000000001,
            "marital-status - sex": 0.44799999999999984,
            "marital-status - capital-gain": 0.4364499999999999,
            "marital-status - capital-loss": 0.42625,
            "marital-status - hours-per-week": 0.2623500000000001,
            "marital-status - native-country": 0.42705000000000015,
            "marital-status - label": 0.34515000000000007,
            "occupation - relationship": 0.34125000000000005,
            "occupation - race": 0.71915,
            "occupation - sex": 0.69385,
            "occupation - capital-gain": 0.77605,
            "occupation - capital-loss": 0.7634000000000001,
            "occupation - hours-per-week": 0.3520000000000001,
            "occupation - native-country": 0.7299,
            "occupation - label": 0.7080500000000001,
            "relationship - race": 0.31925000000000014,
            "relationship - sex": 0.25065000000000004,
            "relationship - capital-gain": 0.36285,
            "relationship - capital-loss": 0.3496500000000001,
            "relationship - hours-per-week": 0.2066500000000001,
            "relationship - native-country": 0.35775,
            "relationship - label": 0.35595,
            "race - sex": 0.65445,
            "race - capital-gain": 0.84875,
            "race - capital-loss": 0.8202500000000001,
            "race - hours-per-week": 0.39264999999999994,
            "race - native-country": 0.7935000000000001,
            "race - label": 0.67815,
            "sex - capital-gain": 0.7315499999999999,
            "sex - capital-loss": 0.7060500000000001,
            "sex - hours-per-week": 0.3641,
            "sex - native-country": 0.7235,
            "sex - label": 0.5744,
            "capital-gain - native-country": 0.92995,
            "capital-gain - label": 0.7966,
            "capital-loss - native-country": 0.91225,
            "capital-loss - label": 0.7582500000000001,
            "hours-per-week - native-country": 0.4126000000000001,
            "hours-per-week - label": 0.33945000000000003,
            "native-country - label": 0.7806500000000001
        },
        "CorrelationSimilarity": {
            "age - fnlwgt": 0.992588975768916,
            "age - education-num": 0.9999848168849478,
            "age - capital-gain": 0.9890043572114248,
            "age - capital-loss": 0.9809344126467453,
            "age - hours-per-week": 0.9965493297530765,
            "fnlwgt - education-num": 0.9569591616061169,
            "fnlwgt - capital-gain": 0.9938381654716116,
            "fnlwgt - capital-loss": 0.993131791109201,
            "fnlwgt - hours-per-week": 0.9917789050919151,
            "education-num - capital-gain": 0.9839392074834827,
            "education-num - capital-loss": 0.9865990798641521,
            "education-num - hours-per-week": 0.9590566897080579,
            "capital-gain - capital-loss": 0.9837935590094158,
            "capital-gain - hours-per-week": 0.9888826950128067,
            "capital-loss - hours-per-week": 0.9946369347043439
        },
        "BoundaryAdherence": {
            "age": 0.97625,
            "fnlwgt": 0.9965,
            "education-num": 1.0,
            "capital-gain": 0.85425,
            "capital-loss": 0.9095,
            "hours-per-week": 0.9975
        },
        "RangeCoverage": {
            "age": 0.9315068493150684,
            "fnlwgt": 0.7363611632113005,
            "education-num": 0.8666666666666667,
            "capital-gain": 1,
            "capital-loss": 0.6648301193755739,
            "hours-per-week": 0.9795918367346939
        },
        "CategoryCoverage": {
            "workclass": 0.5555555555555556,
            "education": 1.0,