{
    "Dataset": "adult",
    "Num Rows": 10000,
    "Num Test Samples": 1000,
    "Synthesizer": "REaLTabFormer",
    "Fit Time (s)": 186.22357869148254,
    "Sample Time (s)": 3.455326557159424,
    "Decomposition Time (s)": 0,
    "Overall Score": null,
    "Properties": {
        "Column Shapes": 0.9780999999999997,
        "Column Pair Trends": 0.8732174205652987
    },
    "Metrics": {
        "BoundaryAdherence": 0.9994999999999999,
        "RangeCoverage": 0.8419333701215285,
        "CategoryCoverage": 0.8963032864455628,
        "KSComplement": 0.9819000000000001,
        "TVComplement": 0.9755666666666668,
        "StatisticSimilarity": null,
        "CorrelationSimilarity": 0.9887686106237575,
        "ContingencySimilarity": 0.8539588888888889,
        "TableStructure": 1.0,
        "NewRowSynthesis": 0.999
    },
    "Metrics Overall Score": 0.9485478691940449,
    "Details": {
        "KSComplement": {
            "age": 0.9867,
            "fnlwgt": 0.9665,
            "education-num": 0.988,
            "capital-gain": 0.9862,
            "capital-loss": 0.9958,
            "hours-per-week": 0.9682
        },
        "TVComplement": {
            "workclass": 0.9596,
            "education": 0.9723,
            "marital-status": 0.989,
            "occupation": 0.9604,
            "relationship": 0.9774,
            "race": 0.9731,
            "sex": 0.9897,
            "native-country": 0.9675,
            "label": 0.9911
        },
        "ContingencySimilarity": {
            "age - workclass": 0.893,
            "age - education": 0.8589,
            "age - marital-status": 0.9243,
            "age - occupation": 0.878,
            "age - relationship": 0.9133,
            "age - race": 0.9061,
            "age - sex": 0.9237,
            "age - native-country": 0.8869,
            "age - label": 0.9282,
            "workclass - fnlwgt": 0.5751,
            "workclass - education": 0.9127000000000001,
            "workclass - education-num": 0.5492,
            "workclass - marital-status": 0.943,
            "workclass - occupation": 0.9201,
            "workclass - relationship": 0.9341,
            "workclass - race": 0.935,
            "workclass - sex": 0.9576,
            "workclass - capital-gain": 0.9561999999999999,
            "workclass - capital-loss": 0.9189,
            "workclass - hours-per-week": 0.8377,
            "workclass - native-country": 0.9107,
            "workclass - label": 0.9541,
            "fnlwgt - education": 0.5717,
            "fnlwgt - marital-status": 0.576,
            "fnlwgt - occupation": 0.5759,
            "fnlwgt - relationship": 0.5759,
            "fnlwgt - race": 0.5746,
            "fnlwgt - sex": 0.577,
            "fnlwgt - native-country": 0.5616000000000001,
            "fnlwgt - label": 0.5767,
            "education - education-num": 0.49729999999999996,
            "education - marital-status": 0.9221,
            "education - occupation": 0.8845,
            "education - relationship": 0.9097000000000001,
            "education - race": 0.9389000000000001,
            "education - sex": 0.9574,
            "education - capital-gain": 0.9636,
            "education - capital-loss": 0.9294,
            "education - hours-per-week": 0.8246,
            "education - native-country": 0.91,
            "education - label": 0.9648,
            "education-num - marital-status": 0.543,
            "education-num - occupation": 0.5407000000000001,
            "education-num - relationship": 0.5438000000000001,
            "education-num - race": 0.5498000000000001,
            "education-num - sex": 0.5490999999999999,
            "education-num - native-country": 0.5301,
            "education-num - label": 0.5569,
            "marital-status - occupation": 0.9068,
            "marital-status - relationship": 0.9517,
            "marital-status - race": 0.9605,
            "marital-status - sex": 0.9784,
            "marital-status - capital-gain": 0.9835,
            "marital-status - capital-loss": 0.9418,
            "marital-status - hours-per-week": 0.8695,
            "marital-status - native-country": 0.9396,
            "marital-status - label": 0.9598,
            "occupation - relationship": 0.8999,
            "occupation - race": 0.9306,
            "occupation - sex": 0.9505,
            "occupation - capital-gain": 0.9516,
            "occupation - capital-loss": 0.9124,
            "occupation - hours-per-week": 0.8423,
            "occupation - native-country": 0.9066000000000001,
            "occupation - label": 0.9403,
            "relationship - race": 0.9666,
            "relationship - sex": 0.9671,
            "relationship - capital-gain": 0.9733,
            "relationship - capital-loss": 0.9399,
            "relationship - hours-per-week": 0.8645,
            "relationship - native-country": 0.9412,
            "relationship - label": 0.9569,
            "race - sex": 0.9712000000000001,
            "race - capital-gain": 0.9673,
            "race - capital-loss": 0.9289000000000001,
            "race - hours-per-week": 0.8471,
            "race - native-country": 0.9398000000000001,
            "race - label": 0.9731,
            "sex - capital-gain": 0.988,
            "sex - capital-loss": 0.9538,
            "sex - hours-per-week": 0.8752,
            "sex - native-country": 0.9626,
            "sex - label": 0.9867,
            "capital-gain - native-country": 0.9609,
            "capital-gain - label": 0.9871,
            "capital-loss - native-country": 0.9238000000000001,
            "capital-loss - label": 0.9479,
            "hours-per-week - native-country": 0.8461,
            "hours-per-week - label": 0.8763,
            "native-country - label": 0.9632999999999999
        },
        "CorrelationSimilarity": {
            "age - fnlwgt": 0.9706132899966772,
            "age - education-num": 0.992802279734624,
            "age - capital-gain": 0.9695600250633717,
            "age - capital-loss": 0.9990291473846099,
            "age - hours-per-week": 0.9908009791473393,
            "fnlwgt - education-num": 0.9827918286839653,
            "fnlwgt - capital-gain": 0.9702175145877316,
            "fnlwgt - capital-loss": 0.9998675856844998,
            "fnlwgt - hours-per-week": 0.9947383886423617,
            "education-num - capital-gain": 0.9963823780284193,
            "education-num - capital-loss": 0.9894482924280322,
            "education-num - hours-per-week": 0.99766640462863,
            "capital-gain - capital-loss": 0.9948680154948473,
            "capital-gain - hours-per-week": 0.9877599478900454,
            "capital-loss - hours-per-week": 0.9949830819612089
        },
        "BoundaryAdherence": {
            "age": 0.999,
            "fnlwgt": 0.998,
            "education-num": 1.0,
            "capital-gain": 1.0,
            "capital-loss": 1.0,
            "hours-per-week": 1.0
        },
        "RangeCoverage": {
            "age": 1.0,
            "fnlwgt": 0.5583261066758359,
            "education-num": 0.9333333333333333,
            "capital-gain": 1.0,
            "capital-loss": 0.5803489439853076,
            "hours-per-week": 0.9795918367346939
        },
        "CategoryCoverage": {
            "workclass": 0.7777777777777778,
            "education": 0.9375,
            "marital-status": 0.8571428571428571,
            "occupation": 0.9333333333333333,
            "relationship": 1.0,
            "race": 1.0,
            "sex": 1.0,
            "native-country": 0.5609756097560976,
            "label": 1.0
        },
        "StatisticalSimilarity": {
            "age - workclass": 0.9991315068493151,
            "age - fnlwgt": 0.9991315068493151,
            "age - education": 0.9991315068493151,
            "age - education-num": 0.9991315068493151,
            "age - marital-status": 0.9991315068493151,
            "age - occupation": 0.9991315068493151,