{
    "Dataset": "adult",
    "Num Rows": 1000,
    "Num Test Samples": 4000,
    "Synthesizer": "TVAESynthesizer",
    "Fit Time (s)": 5.001024007797241,
    "Sample Time (s)": 0.9296009540557861,
    "Decomposition Time (s)": 0.006677865982055664,
    "Overall Score": null,
    "Properties": {
        "Column Shapes": 0.5978481012118123,
        "Column Pair Trends": 0.4758876996236972
    },
    "Metrics": {
        "BoundaryAdherence": 0.8537916666666666,
        "RangeCoverage": 0.4903701883221376,
        "CategoryCoverage": 0.7142399267399266,
        "KSComplement": 0.5469166666666667,
        "TVComplement": 0.6318023909085759,
        "StatisticSimilarity": null,
        "CorrelationSimilarity": 0.9456138973658806,
        "ContingencySimilarity": 0.3976,
        "TableStructure": 1.0,
        "NewRowSynthesis": 1.0
    },
    "Metrics Overall Score": 0.7311483040744283,
    "Details": {
        "KSComplement": {
            "age": 0.6719999999999999,
            "fnlwgt": 0.6232500000000001,
            "education-num": 0.726,
            "capital-gain": 0.379,
            "capital-loss": 0.33999999999999997,
            "hours-per-week": 0.54125
        },
        "TVComplement": {
            "workclass": 0.73975,
            "education": 0.581281690140845,
            "marital-status": 0.49424999999999997,
            "occupation": 0.6787822277847309,
            "relationship": 0.30575518879719943,
            "race": 0.848,
            "sex": 0.6985,
            "native-country": 0.5764024114544084,
            "label": 0.7635
        },
        "ContingencySimilarity": {
            "age - workclass": 0.55775,
            "age - education": 0.484,
            "age - marital-status": 0.3014999999999999,
            "age - occupation": 0.55675,
            "age - relationship": 0.19774999999999998,
            "age - race": 0.64425,
            "age - sex": 0.59,
            "age - native-country": 0.5455000000000001,
            "age - label": 0.535,
            "workclass - fnlwgt": 0.40049999999999997,
            "workclass - education": 0.4457500000000002,
            "workclass - education-num": 0.30174999999999996,
            "workclass - marital-status": 0.352,
            "workclass - occupation": 0.5145,
            "workclass - relationship": 0.23424999999999996,
            "workclass - race": 0.63375,
            "workclass - sex": 0.5097499999999999,
            "workclass - capital-gain": 0.51925,
            "workclass - capital-loss": 0.7077500000000001,
            "workclass - hours-per-week": 0.16024999999999978,
            "workclass - native-country": 0.5149999999999999,
            "workclass - label": 0.5855,
            "fnlwgt - education": 0.3504999999999999,
            "fnlwgt - marital-status": 0.25125,
            "fnlwgt - occupation": 0.4079999999999997,
            "fnlwgt - relationship": 0.21899999999999997,
            "fnlwgt - race": 0.4412499999999998,
            "fnlwgt - sex": 0.39074999999999993,
            "fnlwgt - native-country": 0.3547499999999999,
            "fnlwgt - label": 0.4412499999999999,
            "education - education-num": 0.02675000000000005,
            "education - marital-status": 0.32025000000000015,
            "education - occupation": 0.3415,
            "education - relationship": 0.2287499999999999,
            "education - race": 0.5245000000000001,
            "education - sex": 0.498,
            "education - capital-gain": 0.4099999999999999,
            "education - capital-loss": 0.55175,
            "education - hours-per-week": 0.1915,
            "education - native-country": 0.36775,
            "education - label": 0.4325,
            "education-num - marital-status": 0.18274999999999997,
            "education-num - occupation": 0.19224999999999992,
            "education-num - relationship": 0.14774999999999994,
            "education-num - race": 0.31875,
            "education-num - sex": 0.2962500000000001,
            "education-num - native-country": 0.23350000000000015,
            "education-num - label": 0.3310000000000002,
            "marital-status - occupation": 0.3162499999999998,
            "marital-status - relationship": 0.028000000000000025,
            "marital-status - race": 0.44075,
            "marital-status - sex": 0.4435000000000001,
            "marital-status - capital-gain": 0.28474999999999995,
            "marital-status - capital-loss": 0.46375,
            "marital-status - hours-per-week": 0.08625000000000005,
            "marital-status - native-country": 0.27975000000000005,
            "marital-status - label": 0.28600000000000014,
            "occupation - relationship": 0.26924999999999977,
            "occupation - race": 0.6245,
            "occupation - sex": 0.51975,
            "occupation - capital-gain": 0.45924999999999994,
            "occupation - capital-loss": 0.64375,
            "occupation - hours-per-week": 0.1732499999999999,
            "occupation - native-country": 0.44399999999999995,
            "occupation - label": 0.56375,
            "relationship - race": 0.2597499999999999,
            "relationship - sex": 0.19374999999999998,
            "relationship - capital-gain": 0.3055,
            "relationship - capital-loss": 0.2835,
            "relationship - hours-per-week": 0.122,
            "relationship - native-country": 0.2649999999999999,
            "relationship - label": 0.30374999999999996,
            "race - sex": 0.6024999999999999,
            "race - capital-gain": 0.55175,
            "race - capital-loss": 0.80775,
            "race - hours-per-week": 0.22150000000000003,
            "race - native-country": 0.54375,
            "race - label": 0.6385000000000001,
            "sex - capital-gain": 0.5615,
            "sex - capital-loss": 0.665,
            "sex - hours-per-week": 0.21925000000000006,
            "sex - native-country": 0.5674999999999999,
            "sex - label": 0.5,
            "capital-gain - native-country": 0.33499999999999996,
            "capital-gain - label": 0.5609999999999999,
            "capital-loss - native-country": 0.5657500000000001,
            "capital-loss - label": 0.7135,
            "hours-per-week - native-country": 0.15100000000000002,
            "hours-per-week - label": 0.20300000000000007,
            "native-country - label": 0.57125
        },
        "CorrelationSimilarity": {
            "age - fnlwgt": 0.9743889515885934,
            "age - education-num": 0.9152873566573319,
            "age - capital-gain": 0.9367777031936028,
            "age - capital-loss": 0.9849863058628505,
            "age - hours-per-week": 0.8929434910377745,
            "fnlwgt - education-num": 0.982289349893072,
            "fnlwgt - capital-gain": 0.9302143105910614,
            "fnlwgt - capital-loss": 0.9867240155647005,
            "fnlwgt - hours-per-week": 0.9621665134194862,
            "education-num - capital-gain": 0.9430797528527595,
            "education-num - capital-loss": 0.8759436805122613,
            "education-num - hours-per-week": 0.9013192514699496,
            "capital-gain - capital-loss": 0.9882075839109156,
            "capital-gain - hours-per-week": 0.972138512341808,
            "capital-loss - hours-per-week": 0.9377416815920435
        },
        "BoundaryAdherence": {
            "age": 0.99975,
            "fnlwgt": 1.0,
            "education-num": 1.0,
            "capital-gain": 0.379,
            "capital-loss": 0.744,
            "hours-per-week": 1.0
        },
        "RangeCoverage": {
            "age": 0.9863013698630136,
            "fnlwgt": 0.37186982584990447,
            "education-num": 0.4666666666666667,
            "capital-gain": 0.047320473204732094,
            "capital-loss": 0.6823076923076923,
            "hours-per-week": 0.3877551020408163
        },
        "CategoryCoverage": {
            "workclass": 0.3333333333333333,
            "education": 0.6875,