{
    "Dataset": "asia",
    "Num Rows": 5000,
    "Num Test Samples": 1000,
    "Synthesizer": "TVAESynthesizer",
    "Fit Time (s)": 8.146424293518066,
    "Sample Time (s)": 0.3410153388977051,
    "Decomposition Time (s)": 0.011059284210205078,
    "Overall Score": null,
    "Properties": {
        "Column Shapes": 0.791825,
        "Column Pair Trends": 0.6448642857142858
    },
    "Metrics": {
        "BoundaryAdherence": null,
        "RangeCoverage": null,
        "CategoryCoverage": 0.6875,
        "KSComplement": null,
        "TVComplement": 0.791825,
        "StatisticSimilarity": null,
        "CorrelationSimilarity": null,
        "ContingencySimilarity": 0.6448642857142858,
        "TableStructure": 1.0,
        "NewRowSynthesis": 0.0
    },
    "Metrics Overall Score": 0.6248378571428572,
    "Details": {
        "TVComplement": {
            "asia": 0.9908,
            "tub": 0.99,
            "smoke": 0.49160000000000004,
            "lung": 0.9416,
            "bronc": 0.55,
            "either": 0.9324,
            "xray": 0.8806,
            "dysp": 0.5576
        },
        "ContingencySimilarity": {
            "asia - tub": 0.9818,
            "asia - smoke": 0.4868000000000001,
            "asia - lung": 0.9326,
            "asia - bronc": 0.5452,
            "asia - either": 0.9244,
            "asia - xray": 0.8734,
            "asia - dysp": 0.5532,
            "tub - smoke": 0.48639999999999994,
            "tub - lung": 0.9324,
            "tub - bronc": 0.5442,
            "tub - either": 0.9324,
            "tub - xray": 0.8806,
            "tub - dysp": 0.5558,
            "smoke - lung": 0.4865999999999999,
            "smoke - bronc": 0.34719999999999995,
            "smoke - either": 0.48140000000000005,
            "smoke - xray": 0.4536,
            "smoke - dysp": 0.34119999999999995,
            "lung - bronc": 0.524,
            "lung - either": 0.9324,
            "lung - xray": 0.88,
            "lung - dysp": 0.5482,
            "bronc - either": 0.5186,
            "bronc - xray": 0.49160000000000004,
            "bronc - dysp": 0.4776,
            "either - xray": 0.88,
            "either - dysp": 0.5466,
            "xray - dysp": 0.518
        },
        "CategoryCoverage": {
            "asia": 0.5,
            "tub": 0.5,
            "smoke": 1.0,
            "lung": 0.5,
            "bronc": 1.0,
            "either": 0.5,
            "xray": 0.5,
            "dysp": 1.0
        }
    }
}