{
    "Dataset": "adult",
    "Num Rows": 10000,
    "Num Test Samples": 2000,
    "Synthesizer": "TVAESynthesizer",
    "Fit Time (s)": 16.04374623298645,
    "Sample Time (s)": 0.5737221240997314,
    "Decomposition Time (s)": 0.019596338272094727,
    "Overall Score": null,
    "Properties": {
        "Column Shapes": 0.5144227956989248,
        "Column Pair Trends": 0.2887697439536827
    },
    "Metrics": {
        "BoundaryAdherence": 0.8840833333333333,
        "RangeCoverage": 0.17038379027714198,
        "CategoryCoverage": 0.31873413773820275,
        "KSComplement": 0.5919,
        "TVComplement": 0.4627713261648745,
        "StatisticSimilarity": null,
        "CorrelationSimilarity": 0.9145682076757785,
        "ContingencySimilarity": 0.18447000000000002,
        "TableStructure": 1.0,
        "NewRowSynthesis": 1.0
    },
    "Metrics Overall Score": 0.6141011994654813,
    "Details": {
        "KSComplement": {
            "age": 0.6883,
            "fnlwgt": 0.7115,
            "education-num": 0.604,
            "capital-gain": 0.49160000000000004,
            "capital-loss": 0.39759999999999995,
            "hours-per-week": 0.6584
        },
        "TVComplement": {
            "workclass": 0.028899999999999926,
            "education": 0.38869999999999993,
            "marital-status": 0.2118,
            "occupation": 0.20374193548387098,
            "relationship": 0.1661999999999999,
            "race": 0.8471,
            "sex": 0.6673,
            "native-country": 0.8963,
            "label": 0.7549
        },
        "ContingencySimilarity": {
            "age - workclass": 0.028900000000000148,
            "age - education": 0.32620000000000005,
            "age - marital-status": 0.12880000000000014,
            "age - occupation": 0.1514000000000001,
            "age - relationship": 0.07989999999999997,
            "age - race": 0.6386000000000001,
            "age - sex": 0.5492,
            "age - native-country": 0.6546000000000001,
            "age - label": 0.5235000000000001,
            "workclass - fnlwgt": 0.019199999999999884,
            "workclass - education": 0.02849999999999997,
            "workclass - education-num": 0.007000000000000006,
            "workclass - marital-status": 0.016700000000000048,
            "workclass - occupation": 0.026899999999999924,
            "workclass - relationship": 0.028900000000000148,
            "workclass - race": 0.028800000000000048,
            "workclass - sex": 0.028899999999999926,
            "workclass - capital-gain": 0.011400000000000077,
            "workclass - capital-loss": 0.021500000000000186,
            "workclass - hours-per-week": 0.028899999999999926,
            "workclass - native-country": 0.028900000000000037,
            "workclass - label": 0.028899999999999926,
            "fnlwgt - education": 0.18530000000000013,
            "fnlwgt - marital-status": 0.127,
            "fnlwgt - occupation": 0.13800000000000012,
            "fnlwgt - relationship": 0.1129,
            "fnlwgt - race": 0.27279999999999993,
            "fnlwgt - sex": 0.24709999999999988,
            "fnlwgt - native-country": 0.2822,
            "fnlwgt - label": 0.26380000000000003,
            "education - education-num": 0.014700000000000046,
            "education - marital-status": 0.17420000000000024,
            "education - occupation": 0.09060000000000024,
            "education - relationship": 0.10340000000000005,
            "education - race": 0.3327999999999999,
            "education - sex": 0.26159999999999994,
            "education - capital-gain": 0.14150000000000007,
            "education - capital-loss": 0.034499999999999975,
            "education - hours-per-week": 0.2975,
            "education - native-country": 0.3569,
            "education - label": 0.2970999999999999,
            "education-num - marital-status": 0.01079999999999992,
            "education-num - occupation": 0.0031000000000002137,
            "education-num - relationship": 0.004999999999999893,
            "education-num - race": 0.018199999999999994,
            "education-num - sex": 0.015100000000000113,
            "education-num - native-country": 0.01319999999999999,
            "education-num - label": 0.010000000000000009,
            "marital-status - occupation": 0.062100000000000044,
            "marital-status - relationship": 0.010399999999999965,
            "marital-status - race": 0.20740000000000014,
            "marital-status - sex": 0.20569999999999988,
            "marital-status - capital-gain": 0.041000000000000036,
            "marital-status - capital-loss": 0.04510000000000003,
            "marital-status - hours-per-week": 0.1382000000000001,
            "marital-status - native-country": 0.20230000000000015,
            "marital-status - label": 0.21060000000000012,
            "occupation - relationship": 0.06890000000000018,
            "occupation - race": 0.17090000000000005,
            "occupation - sex": 0.09900000000000009,
            "occupation - capital-gain": 0.12929999999999997,
            "occupation - capital-loss": 0.033400000000000096,
            "occupation - hours-per-week": 0.20050000000000012,
            "occupation - native-country": 0.18779999999999997,
            "occupation - label": 0.18179999999999996,
            "relationship - race": 0.1564000000000002,
            "relationship - sex": 0.1531,
            "relationship - capital-gain": 0.04370000000000018,
            "relationship - capital-loss": 0.02849999999999997,
            "relationship - hours-per-week": 0.08540000000000025,
            "relationship - native-country": 0.1554000000000002,
            "relationship - label": 0.16459999999999997,
            "race - sex": 0.5826,
            "race - capital-gain": 0.15069999999999983,
            "race - capital-loss": 0.058599999999999985,
            "race - hours-per-week": 0.5150999999999999,
            "race - native-country": 0.7802,
            "race - label": 0.6273,
            "sex - capital-gain": 0.1492,
            "sex - capital-loss": 0.05400000000000016,
            "sex - hours-per-week": 0.4596,
            "sex - native-country": 0.5964999999999999,
            "sex - label": 0.4609,
            "capital-gain - native-country": 0.14680000000000015,
            "capital-gain - label": 0.13340000000000007,
            "capital-loss - native-country": 0.058499999999999996,
            "capital-loss - label": 0.03969999999999996,
            "hours-per-week - native-country": 0.5158,
            "hours-per-week - label": 0.42600000000000005,
            "native-country - label": 0.671
        },
        "CorrelationSimilarity": {
            "age - fnlwgt": 0.865707348613397,
            "age - education-num": 0.8867018559291144,
            "age - capital-gain": 0.9769805438982233,
            "age - capital-loss": 0.9513731696545302,
            "age - hours-per-week": 0.6619305911290504,
            "fnlwgt - education-num": 0.9406702677605101,
            "fnlwgt - capital-gain": 0.9305210611519396,
            "fnlwgt - capital-loss": 0.9042463299867458,
            "fnlwgt - hours-per-week": 0.8909438321769054,
            "education-num - capital-gain": 0.9420878452457239,
            "education-num - capital-loss": 0.9837984714758922,
            "education-num - hours-per-week": 0.9408937202729903,
            "capital-gain - capital-loss": 0.9342427679879571,
            "capital-gain - hours-per-week": 0.9603225411936984,
            "capital-loss - hours-per-week": 0.9481027686600023
        },
        "BoundaryAdherence": {
            "age": 0.9995,
            "fnlwgt": 1.0,
            "education-num": 1.0,
            "capital-gain": 0.6,
            "capital-loss": 0.705,
            "hours-per-week": 1.0
        },
        "RangeCoverage": {
            "age": 0.6575342465753424,
            "fnlwgt": 0.14781632615613893,