{
    "Dataset": "adult",
    "Num Rows": 5000,
    "Num Test Samples": 4000,
    "Synthesizer": "REaLTabFormer",
    "Fit Time (s)": 107.39341282844543,
    "Sample Time (s)": 28.521334409713745,
    "Decomposition Time (s)": 0.030162572860717773,
    "Overall Score": null,
    "Properties": {
        "Column Shapes": 0.7469410225961083,
        "Column Pair Trends": 0.5241398435043851
    },
    "Metrics": {
        "BoundaryAdherence": 0.9190833333333334,
        "RangeCoverage": 0.8249925352675866,
        "CategoryCoverage": 0.7869488536155202,
        "KSComplement": 0.8528833333333333,
        "TVComplement": 0.6763128154379585,
        "StatisticSimilarity": null,
        "CorrelationSimilarity": 0.980565571197362,
        "ContingencySimilarity": 0.4480688888888889,
        "TableStructure": 1.0,
        "NewRowSynthesis": null
    },
    "Metrics Overall Score": 0.8111069163842479,
    "Details": {
        "KSComplement": {
            "age": 0.97525,
            "fnlwgt": 0.97875,
            "education-num": 0.75975,
            "capital-gain": 0.6892499999999999,
            "capital-loss": 0.8664000000000001,
            "hours-per-week": 0.8479
        },
        "TVComplement": {
            "workclass": 0.7046000000000001,
            "education": 0.6044625922023182,
            "marital-status": 0.42435,
            "occupation": 0.7828677754677755,
            "relationship": 0.34597888944472244,
            "race": 0.851,
            "sex": 0.7284,
            "native-country": 0.8645017367228796,
            "label": 0.7806543451039318
        },
        "ContingencySimilarity": {
            "age - workclass": 0.45465,
            "age - education": 0.50425,
            "age - marital-status": 0.2346999999999999,
            "age - occupation": 0.58525,
            "age - relationship": 0.19325000000000003,
            "age - race": 0.5997000000000001,
            "age - sex": 0.5434999999999999,
            "age - native-country": 0.62545,
            "age - label": 0.49760000000000004,
            "workclass - fnlwgt": 0.08290000000000008,
            "workclass - education": 0.4113499999999999,
            "workclass - education-num": 0.39285000000000014,
            "workclass - marital-status": 0.30200000000000005,
            "workclass - occupation": 0.48265,
            "workclass - relationship": 0.2409500000000001,
            "workclass - race": 0.63615,
            "workclass - sex": 0.5228,
            "workclass - capital-gain": 0.70085,
            "workclass - capital-loss": 0.6833500000000001,
            "workclass - hours-per-week": 0.2885,
            "workclass - native-country": 0.6145499999999999,
            "workclass - label": 0.5888,
            "fnlwgt - education": 0.09079999999999999,
            "fnlwgt - marital-status": 0.06040000000000001,
            "fnlwgt - occupation": 0.09910000000000008,
            "fnlwgt - relationship": 0.07450000000000001,
            "fnlwgt - race": 0.09720000000000006,
            "fnlwgt - sex": 0.10869999999999991,
            "fnlwgt - native-country": 0.09614999999999996,
            "fnlwgt - label": 0.10849999999999982,
            "education - education-num": 0.1130000000000001,
            "education - marital-status": 0.2678999999999999,
            "education - occupation": 0.43305000000000005,
            "education - relationship": 0.3061999999999999,
            "education - race": 0.5278,
            "education - sex": 0.54325,
            "education - capital-gain": 0.5705,
            "education - capital-loss": 0.5555,
            "education - hours-per-week": 0.33840000000000003,
            "education - native-country": 0.48304999999999987,
            "education - label": 0.5262,
            "education-num - marital-status": 0.2763,
            "education-num - occupation": 0.41894999999999993,
            "education-num - relationship": 0.25944999999999985,
            "education-num - race": 0.4786,
            "education-num - sex": 0.4600000000000001,
            "education-num - native-country": 0.4739,
            "education-num - label": 0.5064500000000001,
            "marital-status - occupation": 0.33620000000000005,
            "marital-status - relationship": 0.06580000000000008,
            "marital-status - race": 0.40275000000000005,
            "marital-status - sex": 0.42395000000000005,
            "marital-status - capital-gain": 0.42295000000000005,
            "marital-status - capital-loss": 0.4043,
            "marital-status - hours-per-week": 0.2593,
            "marital-status - native-country": 0.36395,
            "marital-status - label": 0.32800000000000007,
            "occupation - relationship": 0.32915000000000005,
            "occupation - race": 0.6849500000000001,
            "occupation - sex": 0.6701999999999999,
            "occupation - capital-gain": 0.7547,
            "occupation - capital-loss": 0.73695,
            "occupation - hours-per-week": 0.37460000000000004,
            "occupation - native-country": 0.6528499999999999,
            "occupation - label": 0.6848000000000001,
            "relationship - race": 0.29715,
            "relationship - sex": 0.23160000000000003,
            "relationship - capital-gain": 0.34335000000000004,
            "relationship - capital-loss": 0.32945,
            "relationship - hours-per-week": 0.21699999999999997,
            "relationship - native-country": 0.32645,
            "relationship - label": 0.33130000000000015,
            "race - sex": 0.64305,
            "race - capital-gain": 0.8403,
            "race - capital-loss": 0.81135,
            "race - hours-per-week": 0.4024,
            "race - native-country": 0.78865,
            "race - label": 0.6555,
            "sex - capital-gain": 0.71965,
            "sex - capital-loss": 0.6931500000000002,
            "sex - hours-per-week": 0.37729999999999997,
            "sex - native-country": 0.70415,
            "sex - label": 0.5484,
            "capital-gain - native-country": 0.85785,
            "capital-gain - label": 0.7799,
            "capital-loss - native-country": 0.8347,
            "capital-loss - label": 0.7414500000000002,
            "hours-per-week - native-country": 0.4024,
            "hours-per-week - label": 0.34025000000000005,
            "native-country - label": 0.75415
        },
        "CorrelationSimilarity": {
            "age - fnlwgt": 0.9959395612609049,
            "age - education-num": 0.9719887141652883,
            "age - capital-gain": 0.9943339144292425,
            "age - capital-loss": 0.9935876478053356,
            "age - hours-per-week": 0.9441506546266896,
            "fnlwgt - education-num": 0.9583758045498995,
            "fnlwgt - capital-gain": 0.9987049592214193,
            "fnlwgt - capital-loss": 0.9946091641785586,
            "fnlwgt - hours-per-week": 0.9931174616760363,
            "education-num - capital-gain": 0.9856409526346559,
            "education-num - capital-loss": 0.9752107553018494,
            "education-num - hours-per-week": 0.9606719954449149,
            "capital-gain - capital-loss": 0.9445438765818058,
            "capital-gain - hours-per-week": 0.9999806818743828,
            "capital-loss - hours-per-week": 0.9976274242094455
        },
        "BoundaryAdherence": {
            "age": 0.975,
            "fnlwgt": 0.98975,
            "education-num": 1.0,
            "capital-gain": 0.68775,
            "capital-loss": 0.86675,
            "hours-per-week": 0.99525
        },
        "RangeCoverage": {
            "age": 1,
            "fnlwgt": 0.5554648534787981,
            "education-num": 0.7333333333333334,
            "capital-gain": 1,
            "capital-loss": 0.6611570247933884,
            "hours-per-week": 1
        },
        "CategoryCoverage": {
            "workclass": 0.4444444444444444,
            "education": 1.0,
            "marital-status": 0.5714285714285714,