{
    "Dataset": "adult",
    "Num Rows": 1000,
    "Num Test Samples": 4000,
    "Synthesizer": "REaLTabFormer",
    "Fit Time (s)": 29.731518983840942,
    "Sample Time (s)": 12.613884449005127,
    "Decomposition Time (s)": 0,
    "Overall Score": null,
    "Properties": {
        "Column Shapes": 0.9602000000000002,
        "Column Pair Trends": 0.8407766502201264
    },
    "Metrics": {
        "BoundaryAdherence": 0.9970416666666667,
        "RangeCoverage": 0.9530350601779173,
        "CategoryCoverage": 0.9353971645638313,
        "KSComplement": 0.9671249999999999,
        "TVComplement": 0.9555833333333332,
        "StatisticSimilarity": null,
        "CorrelationSimilarity": 0.9750532182075521,
        "ContingencySimilarity": 0.8183972222222223,
        "TableStructure": 1.0,
        "NewRowSynthesis": 1.0
    },
    "Metrics Overall Score": 0.9557369627968357,
    "Details": {
        "KSComplement": {
            "age": 0.97875,
            "fnlwgt": 0.95925,
            "education-num": 0.95425,
            "capital-gain": 0.9695,
            "capital-loss": 0.99225,
            "hours-per-week": 0.94875
        },
        "TVComplement": {
            "workclass": 0.95975,
            "education": 0.92475,
            "marital-status": 0.97775,
            "occupation": 0.933,
            "relationship": 0.95275,
            "race": 0.9662499999999999,
            "sex": 0.96125,
            "native-country": 0.94875,
            "label": 0.976
        },
        "ContingencySimilarity": {
            "age - workclass": 0.7877500000000001,
            "age - education": 0.7377499999999999,
            "age - marital-status": 0.75325,
            "age - occupation": 0.7555000000000001,
            "age - relationship": 0.761,
            "age - race": 0.8067500000000001,
            "age - sex": 0.80925,
            "age - native-country": 0.77875,
            "age - label": 0.79225,
            "workclass - fnlwgt": 0.9145,
            "workclass - education": 0.8795,
            "workclass - education-num": 0.59625,
            "workclass - marital-status": 0.933,
            "workclass - occupation": 0.83125,
            "workclass - relationship": 0.917,
            "workclass - race": 0.934,
            "workclass - sex": 0.937,
            "workclass - capital-gain": 0.94975,
            "workclass - capital-loss": 0.92225,
            "workclass - hours-per-week": 0.46499999999999997,
            "workclass - native-country": 0.90925,
            "workclass - label": 0.9445,
            "fnlwgt - education": 0.86725,
            "fnlwgt - marital-status": 0.9035,
            "fnlwgt - occupation": 0.877,
            "fnlwgt - relationship": 0.904,
            "fnlwgt - race": 0.91775,
            "fnlwgt - sex": 0.92975,
            "fnlwgt - native-country": 0.9035,
            "fnlwgt - label": 0.92325,
            "education - education-num": 0.0684999999999999,
            "education - marital-status": 0.88625,
            "education - occupation": 0.802,
            "education - relationship": 0.8745,
            "education - race": 0.897,
            "education - sex": 0.8975,
            "education - capital-gain": 0.91775,
            "education - capital-loss": 0.8815,
            "education - hours-per-week": 0.4545,
            "education - native-country": 0.878,
            "education - label": 0.91225,
            "education-num - marital-status": 0.58675,
            "education-num - occupation": 0.4354999999999999,
            "education-num - relationship": 0.5772499999999999,
            "education-num - race": 0.61275,
            "education-num - sex": 0.613,
            "education-num - native-country": 0.5955,
            "education-num - label": 0.5722499999999999,
            "marital-status - occupation": 0.90375,
            "marital-status - relationship": 0.9435,
            "marital-status - race": 0.94725,
            "marital-status - sex": 0.94975,
            "marital-status - capital-gain": 0.9665,
            "marital-status - capital-loss": 0.93775,
            "marital-status - hours-per-week": 0.4797499999999999,
            "marital-status - native-country": 0.9279999999999999,
            "marital-status - label": 0.9552499999999999,
            "occupation - relationship": 0.8885,
            "occupation - race": 0.897,
            "occupation - sex": 0.886,
            "occupation - capital-gain": 0.9155,
            "occupation - capital-loss": 0.891,
            "occupation - hours-per-week": 0.43474999999999997,
            "occupation - native-country": 0.87775,
            "occupation - label": 0.90925,
            "relationship - race": 0.93875,
            "relationship - sex": 0.9425,
            "relationship - capital-gain": 0.9435,
            "relationship - capital-loss": 0.91475,
            "relationship - hours-per-week": 0.46575,
            "relationship - native-country": 0.91825,
            "relationship - label": 0.9435,
            "race - sex": 0.94975,
            "race - capital-gain": 0.953,
            "race - capital-loss": 0.92425,
            "race - hours-per-week": 0.48725000000000007,
            "race - native-country": 0.9235,
            "race - label": 0.947,
            "sex - capital-gain": 0.9515,
            "sex - capital-loss": 0.923,
            "sex - hours-per-week": 0.48149999999999993,
            "sex - native-country": 0.92275,
            "sex - label": 0.9545,
            "capital-gain - native-country": 0.93825,
            "capital-gain - label": 0.97425,
            "capital-loss - native-country": 0.9077500000000001,
            "capital-loss - label": 0.945,
            "hours-per-week - native-country": 0.486,
            "hours-per-week - label": 0.47424999999999995,
            "native-country - label": 0.9297500000000001
        },
        "CorrelationSimilarity": {
            "age - fnlwgt": 0.9681124694191077,
            "age - education-num": 0.9987476759093392,
            "age - capital-gain": 0.9676958442404363,
            "age - capital-loss": 0.9660947516423006,
            "age - hours-per-week": 0.9728276253323849,
            "fnlwgt - education-num": 0.9657046058750248,
            "fnlwgt - capital-gain": 0.9846644640643305,
            "fnlwgt - capital-loss": 0.9943736473925824,
            "fnlwgt - hours-per-week": 0.9911357703904178,
            "education-num - capital-gain": 0.9425055421406995,
            "education-num - capital-loss": 0.9747648635933907,
            "education-num - hours-per-week": 0.9613819366153284,
            "capital-gain - capital-loss": 0.988575301688559,
            "capital-gain - hours-per-week": 0.9625338686506709,
            "capital-loss - hours-per-week": 0.9866799061587093
        },
        "BoundaryAdherence": {
            "age": 0.994,
            "fnlwgt": 0.98875,
            "education-num": 0.9995,
            "capital-gain": 1.0,
            "capital-loss": 1.0,
            "hours-per-week": 1.0
        },
        "RangeCoverage": {
            "age": 1,
            "fnlwgt": 1,
            "education-num": 1,
            "capital-gain": 1.0,
            "capital-loss": 0.7692307692307692,
            "hours-per-week": 0.9489795918367347
        },
        "CategoryCoverage": {
            "workclass": 0.7777777777777778,
            "education": 0.9375,
            "marital-status": 0.8571428571428571,
            "occupation": 1.0,
            "relationship": 1.0,
            "race": 1.0,
            "sex": 1.0,
            "native-country": 0.8461538461538461,
            "label": 1.0
        },
        "StatisticalSimilarity": {
            "age - workclass": 0.9950753424657535,
            "age - fnlwgt": 0.9950753424657535,
            "age - education": 0.9950753424657535,
            "age - education-num": 0.9950753424657535,
            "age - marital-status": 0.9950753424657535,
            "age - occupation": 0.9950753424657535,