{
    "Dataset": "adult",
    "Num Rows": 5000,
    "Num Test Samples": 2000,
    "Synthesizer": "TVAESynthesizer",
    "Fit Time (s)": 6.594624996185303,
    "Sample Time (s)": 0.458528995513916,
    "Decomposition Time (s)": 0,
    "Overall Score": null,
    "Properties": {
        "Column Shapes": 0.6078866666666666,
        "Column Pair Trends": 0.4116619180613128
    },
    "Metrics": {
        "BoundaryAdherence": 1.0,
        "RangeCoverage": 0.15567854040700518,
        "CategoryCoverage": 0.23741181657848326,
        "KSComplement": 0.6025999999999999,
        "TVComplement": 0.6114111111111111,
        "StatisticSimilarity": null,
        "CorrelationSimilarity": 0.968726759762523,
        "ContingencySimilarity": 0.31881777777777776,
        "TableStructure": 1.0,
        "NewRowSynthesis": 0.9975
    },
    "Metrics Overall Score": 0.6546828895152113,
    "Details": {
        "KSComplement": {
            "age": 0.6158,
            "fnlwgt": 0.6656,
            "education-num": 0.43720000000000003,
            "capital-gain": 0.5204,
            "capital-loss": 0.6814,
            "hours-per-week": 0.6952
        },
        "TVComplement": {
            "workclass": 0.708,
            "education": 0.31379999999999986,
            "marital-status": 0.4630000000000001,
            "occupation": 0.4549000000000001,
            "relationship": 0.40480000000000005,
            "race": 0.8426,
            "sex": 0.6734,
            "native-country": 0.8926,
            "label": 0.7496
        },
        "ContingencySimilarity": {
            "age - workclass": 0.591,
            "age - education": 0.2975000000000001,
            "age - marital-status": 0.40249999999999997,
            "age - occupation": 0.40570000000000006,
            "age - relationship": 0.3628000000000001,
            "age - race": 0.6262000000000001,
            "age - sex": 0.5415,
            "age - native-country": 0.6566000000000001,
            "age - label": 0.6292,
            "workclass - fnlwgt": 0.1402000000000001,
            "workclass - education": 0.236,
            "workclass - education-num": 0.009800000000000031,
            "workclass - marital-status": 0.31520000000000004,
            "workclass - occupation": 0.3379000000000001,
            "workclass - relationship": 0.2754000000000001,
            "workclass - race": 0.599,
            "workclass - sex": 0.47419999999999995,
            "workclass - capital-gain": 0.5663,
            "workclass - capital-loss": 0.6456000000000001,
            "workclass - hours-per-week": 0.0017000000000000348,
            "workclass - native-country": 0.6292000000000001,
            "workclass - label": 0.5432,
            "fnlwgt - education": 0.09709999999999996,
            "fnlwgt - marital-status": 0.11890000000000012,
            "fnlwgt - occupation": 0.10330000000000006,
            "fnlwgt - relationship": 0.10829999999999995,
            "fnlwgt - race": 0.14040000000000008,
            "fnlwgt - sex": 0.13959999999999995,
            "fnlwgt - native-country": 0.14380000000000004,
            "fnlwgt - label": 0.14200000000000002,
            "education - education-num": 0.0,
            "education - marital-status": 0.14059999999999995,
            "education - occupation": 0.13190000000000013,
            "education - relationship": 0.12340000000000007,
            "education - race": 0.26180000000000014,
            "education - sex": 0.2136,
            "education - capital-gain": 0.31379999999999986,
            "education - capital-loss": 0.3068000000000001,
            "education - hours-per-week": 0.0008999999999999009,
            "education - native-country": 0.2866000000000001,
            "education - label": 0.2639999999999999,
            "education-num - marital-status": 0.008000000000000118,
            "education-num - occupation": 0.0044999999999999485,
            "education-num - relationship": 0.007400000000000184,
            "education-num - race": 0.01000000000000012,
            "education-num - sex": 0.009000000000000119,
            "education-num - native-country": 0.006400000000000072,
            "education-num - label": 0.008400000000000185,
            "marital-status - occupation": 0.28590000000000004,
            "marital-status - relationship": 0.40480000000000016,
            "marital-status - race": 0.4116000000000001,
            "marital-status - sex": 0.41000000000000003,
            "marital-status - capital-gain": 0.46020000000000005,
            "marital-status - capital-loss": 0.4414,
            "marital-status - hours-per-week": 0.0019000000000000128,
            "marital-status - native-country": 0.41300000000000014,
            "marital-status - label": 0.25380000000000014,
            "occupation - relationship": 0.25870000000000004,
            "occupation - race": 0.41089999999999993,
            "occupation - sex": 0.36009999999999986,
            "occupation - capital-gain": 0.3728999999999999,
            "occupation - capital-loss": 0.3822,
            "occupation - hours-per-week": 0.0019000000000000128,
            "occupation - native-country": 0.4165000000000001,
            "occupation - label": 0.3054999999999999,
            "relationship - race": 0.3635999999999999,
            "relationship - sex": 0.40460000000000007,
            "relationship - capital-gain": 0.4022,
            "relationship - capital-loss": 0.38539999999999996,
            "relationship - hours-per-week": 0.0019000000000000128,
            "relationship - native-country": 0.36460000000000004,
            "relationship - label": 0.22239999999999993,
            "race - sex": 0.5834,
            "race - capital-gain": 0.5717000000000001,
            "race - capital-loss": 0.6508,
            "race - hours-per-week": 0.0024999999999999467,
            "race - native-country": 0.7766,
            "race - label": 0.6176,
            "sex - capital-gain": 0.5705,
            "sex - capital-loss": 0.6479999999999999,
            "sex - hours-per-week": 0.0024999999999999467,
            "sex - native-country": 0.5996,
            "sex - label": 0.4623999999999999,
            "capital-gain - native-country": 0.5727000000000001,
            "capital-gain - label": 0.5559000000000001,
            "capital-loss - native-country": 0.651,
            "capital-loss - label": 0.6482,
            "hours-per-week - native-country": 0.0029000000000000137,
            "hours-per-week - label": 0.0020999999999999908,
            "native-country - label": 0.662
        },
        "CorrelationSimilarity": {
            "age - fnlwgt": 0.9736193086681483,
            "age - education-num": 0.996628586654753,
            "age - capital-gain": 0.9466665097346016,
            "age - capital-loss": 0.9725368031007049,
            "age - hours-per-week": 0.9836939712350461,
            "fnlwgt - education-num": 0.9708677950209289,
            "fnlwgt - capital-gain": 0.9968427436484312,
            "fnlwgt - capital-loss": 0.9964316260866115,
            "fnlwgt - hours-per-week": 0.9700802395284468,
            "education-num - capital-gain": 0.9404459908403177,
            "education-num - capital-loss": 0.967819812037381,
            "education-num - hours-per-week": 0.9162979366624668,
            "capital-gain - capital-loss": 0.9982043334198424,
            "capital-gain - hours-per-week": 0.9255571286516496,
            "capital-loss - hours-per-week": 0.975208611148515
        },
        "BoundaryAdherence": {
            "age": 1.0,
            "fnlwgt": 1.0,
            "education-num": 1.0,
            "capital-gain": 1.0,
            "capital-loss": 1.0,
            "hours-per-week": 1.0
        },
        "RangeCoverage": {
            "age": 0.726027397260274,
            "fnlwgt": 0.12825567101396385,
            "education-num": 0.06666666666666665,
            "capital-gain": 0.0015400154001540267,
            "capital-loss": 0.0013774104683195176,