{
    "Dataset": "adult",
    "Num Rows": 10000,
    "Num Test Samples": 4000,
    "Synthesizer": "TVAESynthesizer",
    "Fit Time (s)": 11.575499296188354,
    "Sample Time (s)": 0.7526266574859619,
    "Decomposition Time (s)": 0,
    "Overall Score": null,
    "Properties": {
        "Column Shapes": 0.6179966666666666,
        "Column Pair Trends": 0.4138670519212079
    },
    "Metrics": {
        "BoundaryAdherence": 1.0,
        "RangeCoverage": 0.15223706961035993,
        "CategoryCoverage": 0.2755054415623521,
        "KSComplement": 0.60965,
        "TVComplement": 0.6235611111111111,
        "StatisticSimilarity": null,
        "CorrelationSimilarity": 0.9660605192120787,
        "ContingencySimilarity": 0.3525122222222222,
        "TableStructure": 1.0,
        "NewRowSynthesis": 0.99775
    },
    "Metrics Overall Score": 0.6641418181909027,
    "Details": {
        "KSComplement": {
            "age": 0.519,
            "fnlwgt": 0.70485,
            "education-num": 0.4545,
            "capital-gain": 0.5490999999999999,
            "capital-loss": 0.73135,
            "hours-per-week": 0.6991
        },
        "TVComplement": {
            "workclass": 0.7006000000000001,
            "education": 0.3264999999999999,
            "marital-status": 0.48754999999999993,
            "occupation": 0.5318500000000002,
            "relationship": 0.40354999999999996,
            "race": 0.8471,
            "sex": 0.6673,
            "native-country": 0.8927,
            "label": 0.7549
        },
        "ContingencySimilarity": {
            "age - workclass": 0.5805500000000001,
            "age - education": 0.27249999999999996,
            "age - marital-status": 0.35760000000000014,
            "age - occupation": 0.42510000000000003,
            "age - relationship": 0.2886000000000001,
            "age - race": 0.6148500000000001,
            "age - sex": 0.5079500000000001,
            "age - native-country": 0.64245,
            "age - label": 0.61765,
            "workclass - fnlwgt": 0.24940000000000007,
            "workclass - education": 0.2461000000000002,
            "workclass - education-num": 0.012199999999999767,
            "workclass - marital-status": 0.33215000000000006,
            "workclass - occupation": 0.3881999999999999,
            "workclass - relationship": 0.26775000000000015,
            "workclass - race": 0.5947000000000001,
            "workclass - sex": 0.4616,
            "workclass - capital-gain": 0.6630500000000001,
            "workclass - capital-loss": 0.6866000000000001,
            "workclass - hours-per-week": 0.08390000000000009,
            "workclass - native-country": 0.6207,
            "workclass - label": 0.5438,
            "fnlwgt - education": 0.17210000000000003,
            "fnlwgt - marital-status": 0.20630000000000004,
            "fnlwgt - occupation": 0.21804999999999986,
            "fnlwgt - relationship": 0.18204999999999982,
            "fnlwgt - race": 0.2683,
            "fnlwgt - sex": 0.24259999999999982,
            "fnlwgt - native-country": 0.2804,
            "fnlwgt - label": 0.25929999999999986,
            "education - education-num": 0.0,
            "education - marital-status": 0.17385000000000017,
            "education - occupation": 0.1665000000000001,
            "education - relationship": 0.13044999999999995,
            "education - race": 0.277,
            "education - sex": 0.21760000000000002,
            "education - capital-gain": 0.3256499999999999,
            "education - capital-loss": 0.31975,
            "education - hours-per-week": 0.034499999999999864,
            "education - native-country": 0.3023,
            "education - label": 0.2768999999999999,
            "education-num - marital-status": 0.012600000000000056,
            "education-num - occupation": 0.00770000000000004,
            "education-num - relationship": 0.01034999999999997,
            "education-num - race": 0.012900000000000134,
            "education-num - sex": 0.0119999999999999,
            "education-num - native-country": 0.009300000000000086,
            "education-num - label": 0.010000000000000009,
            "marital-status - occupation": 0.33020000000000005,
            "marital-status - relationship": 0.40335,
            "marital-status - race": 0.43615000000000015,
            "marital-status - sex": 0.43464999999999987,
            "marital-status - capital-gain": 0.47640000000000016,
            "marital-status - capital-loss": 0.4711000000000001,
            "marital-status - hours-per-week": 0.10150000000000015,
            "marital-status - native-country": 0.4378500000000001,
            "marital-status - label": 0.27985000000000004,
            "occupation - relationship": 0.26550000000000007,
            "occupation - race": 0.47609999999999997,
            "occupation - sex": 0.40005,
            "occupation - capital-gain": 0.47609999999999997,
            "occupation - capital-loss": 0.4835499999999999,
            "occupation - hours-per-week": 0.09475,
            "occupation - native-country": 0.4871000000000001,
            "occupation - label": 0.3534999999999999,
            "relationship - race": 0.36245000000000005,
            "relationship - sex": 0.40345,
            "relationship - capital-gain": 0.39990000000000014,
            "relationship - capital-loss": 0.3951,
            "relationship - hours-per-week": 0.07055000000000011,
            "relationship - native-country": 0.36235000000000006,
            "relationship - label": 0.22185,
            "race - sex": 0.5826,
            "race - capital-gain": 0.66895,
            "race - capital-loss": 0.70655,
            "race - hours-per-week": 0.11289999999999989,
            "race - native-country": 0.7801,
            "race - label": 0.6273,
            "sex - capital-gain": 0.6633500000000001,
            "sex - capital-loss": 0.6520000000000001,
            "sex - hours-per-week": 0.10070000000000001,
            "sex - native-country": 0.5944,
            "sex - label": 0.4609,
            "capital-gain - native-country": 0.66995,
            "capital-gain - label": 0.6519,
            "capital-loss - native-country": 0.7072499999999999,
            "capital-loss - label": 0.6896500000000001,
            "hours-per-week - native-country": 0.11350000000000016,
            "hours-per-week - label": 0.06720000000000004,
            "native-country - label": 0.6677
        },
        "CorrelationSimilarity": {
            "age - fnlwgt": 0.9238385725005216,
            "age - education-num": 0.9751216700352432,
            "age - capital-gain": 0.9660237474555105,
            "age - capital-loss": 0.9664495927125021,
            "fnlwgt - education-num": 0.9574108195303425,
            "fnlwgt - capital-gain": 0.9966257643392205,
            "fnlwgt - capital-loss": 0.9962771609170704,
            "education-num - capital-gain": 0.9350556129725712,
            "education-num - capital-loss": 0.9506491564213603,
            "capital-gain - capital-loss": 0.9931530952364467
        },
        "BoundaryAdherence": {
            "age": 1.0,
            "fnlwgt": 1.0,
            "education-num": 1.0,
            "capital-gain": 1.0,
            "capital-loss": 1.0,
            "hours-per-week": 1.0
        },
        "RangeCoverage": {
            "age": 0.6986301369863014,
            "fnlwgt": 0.1452777549520886,
            "education-num": 0.06666666666666665,
            "capital-gain": 0.0017000170001699733,
            "capital-loss": 0.0011478420569329684,
            "hours-per-week": 0.0
        },
        "CategoryCoverage": {
            "workclass": 0.1111111111111111,
            "education": 0.125,
            "marital-status": 0.2857142857142857,
            "occupation": 0.4,
            "relationship": 0.3333333333333333,
            "race": 0.2,
            "sex": 0.5,
            "native-country": 0.024390243902439025,
            "label": 0.5
        },