{
    "Dataset": "asia",
    "Num Rows": 10000,
    "Num Test Samples": 4000,
    "Synthesizer": "TVAESynthesizer",
    "Fit Time (s)": 14.001742839813232,
    "Sample Time (s)": 0.9683666229248047,
    "Decomposition Time (s)": 0.012986898422241211,
    "Overall Score": null,
    "Properties": {
        "Column Shapes": 0.9261567622950819,
        "Column Pair Trends": 0.8765821428571428
    },
    "Metrics": {
        "BoundaryAdherence": null,
        "RangeCoverage": null,
        "CategoryCoverage": 0.6875,
        "KSComplement": null,
        "TVComplement": 0.9261567622950819,
        "StatisticSimilarity": null,
        "CorrelationSimilarity": null,
        "ContingencySimilarity": 0.8765821428571428,
        "TableStructure": 1.0,
        "NewRowSynthesis": 0.024
    },
    "Metrics Overall Score": 0.702847781030445,
    "Details": {
        "TVComplement": {
            "asia": 0.9907,
            "tub": 0.99,
            "smoke": 0.9234540983606557,
            "lung": 0.9445,
            "bronc": 0.8634999999999999,
            "either": 0.9351,
            "xray": 0.8854,
            "dysp": 0.8765999999999999
        },
        "ContingencySimilarity": {
            "asia - tub": 0.9816,
            "asia - smoke": 0.9083,
            "asia - lung": 0.9353,
            "asia - bronc": 0.859,
            "asia - either": 0.9268,
            "asia - xray": 0.8778,
            "asia - dysp": 0.8722,
            "tub - smoke": 0.9078999999999999,
            "tub - lung": 0.9351,
            "tub - bronc": 0.8574999999999999,
            "tub - either": 0.9351,
            "tub - xray": 0.8851,
            "tub - dysp": 0.8744,
            "smoke - lung": 0.9079999999999999,
            "smoke - bronc": 0.7823,
            "smoke - either": 0.9027,
            "smoke - xray": 0.8762,
            "smoke - dysp": 0.7755,
            "lung - bronc": 0.8393999999999999,
            "lung - either": 0.9351,
            "lung - xray": 0.8846,
            "lung - dysp": 0.8669,
            "bronc - either": 0.8337,
            "bronc - xray": 0.8069,
            "bronc - dysp": 0.7912,
            "either - xray": 0.8843,
            "either - dysp": 0.8649,
            "xray - dysp": 0.8365
        },
        "CategoryCoverage": {
            "asia": 0.5,
            "tub": 0.5,
            "smoke": 1.0,
            "lung": 0.5,
            "bronc": 1.0,
            "either": 0.5,
            "xray": 0.5,
            "dysp": 1.0
        }
    }
}