{
    "Dataset": "adult",
    "Num Rows": 5000,
    "Num Test Samples": 1000,
    "Synthesizer": "TVAESynthesizer",
    "Fit Time (s)": 6.956097364425659,
    "Sample Time (s)": 0.292055606842041,
    "Decomposition Time (s)": 0,
    "Overall Score": null,
    "Properties": {
        "Column Shapes": 0.60772,
        "Column Pair Trends": 0.4059313091441373
    },
    "Metrics": {
        "BoundaryAdherence": 1.0,
        "RangeCoverage": 0.1273076801660907,
        "CategoryCoverage": 0.2284832451499118,
        "KSComplement": 0.6047666666666666,
        "TVComplement": 0.6096888888888888,
        "StatisticSimilarity": null,
        "CorrelationSimilarity": 0.9706130914413723,
        "ContingencySimilarity": 0.34318888888888893,
        "TableStructure": 1.0,
        "NewRowSynthesis": 1.0
    },
    "Metrics Overall Score": 0.6537831623557576,
    "Details": {
        "KSComplement": {
            "age": 0.6522,
            "fnlwgt": 0.6754,
            "education-num": 0.43220000000000003,
            "capital-gain": 0.49639999999999995,
            "capital-loss": 0.6764,
            "hours-per-week": 0.696
        },
        "TVComplement": {
            "workclass": 0.708,
            "education": 0.31979999999999986,
            "marital-status": 0.4630000000000001,
            "occupation": 0.4334,
            "relationship": 0.40480000000000005,
            "race": 0.8426,
            "sex": 0.6734,
            "native-country": 0.8926,
            "label": 0.7496
        },
        "ContingencySimilarity": {
            "age - workclass": 0.6414,
            "age - education": 0.3164,
            "age - marital-status": 0.4424,
            "age - occupation": 0.42300000000000015,
            "age - relationship": 0.39280000000000004,
            "age - race": 0.6952,
            "age - sex": 0.5992,
            "age - native-country": 0.73,
            "age - label": 0.6836000000000001,
            "workclass - fnlwgt": 0.1272000000000001,
            "workclass - education": 0.242,
            "workclass - education-num": 0.236,
            "workclass - marital-status": 0.31520000000000004,
            "workclass - occupation": 0.3163999999999999,
            "workclass - relationship": 0.2754000000000001,
            "workclass - race": 0.599,
            "workclass - sex": 0.47419999999999995,
            "workclass - capital-gain": 0.5398000000000001,
            "workclass - capital-loss": 0.6448,
            "workclass - hours-per-week": 0.011199999999999988,
            "workclass - native-country": 0.6292000000000001,
            "workclass - label": 0.5432,
            "fnlwgt - education": 0.09600000000000009,
            "fnlwgt - marital-status": 0.11340000000000006,
            "fnlwgt - occupation": 0.1102000000000003,
            "fnlwgt - relationship": 0.1068,
            "fnlwgt - race": 0.12740000000000018,
            "fnlwgt - sex": 0.12660000000000005,
            "fnlwgt - native-country": 0.13080000000000003,
            "fnlwgt - label": 0.129,
            "education - education-num": 0.31379999999999997,
            "education - marital-status": 0.14659999999999995,
            "education - occupation": 0.12540000000000018,
            "education - relationship": 0.12940000000000007,
            "education - race": 0.26780000000000004,
            "education - sex": 0.21960000000000002,
            "education - capital-gain": 0.31620000000000015,
            "education - capital-loss": 0.31400000000000017,
            "education - hours-per-week": 0.011599999999999944,
            "education - native-country": 0.2926000000000001,
            "education - label": 0.2699999999999999,
            "education-num - marital-status": 0.14060000000000017,
            "education-num - occupation": 0.11939999999999995,
            "education-num - relationship": 0.1234000000000004,
            "education-num - race": 0.26180000000000003,
            "education-num - sex": 0.21360000000000012,
            "education-num - native-country": 0.2866000000000001,
            "education-num - label": 0.2640000000000001,
            "marital-status - occupation": 0.2734000000000001,
            "marital-status - relationship": 0.40480000000000016,
            "marital-status - race": 0.4116000000000001,
            "marital-status - sex": 0.41000000000000003,
            "marital-status - capital-gain": 0.46019999999999994,
            "marital-status - capital-loss": 0.4548,
            "marital-status - hours-per-week": 0.009400000000000075,
            "marital-status - native-country": 0.41300000000000014,
            "marital-status - label": 0.25380000000000014,
            "occupation - relationship": 0.24620000000000009,
            "occupation - race": 0.38939999999999997,
            "occupation - sex": 0.3386,
            "occupation - capital-gain": 0.40159999999999996,
            "occupation - capital-loss": 0.4066000000000001,
            "occupation - hours-per-week": 0.008199999999999985,
            "occupation - native-country": 0.395,
            "occupation - label": 0.28400000000000003,
            "relationship - race": 0.3635999999999999,
            "relationship - sex": 0.40460000000000007,
            "relationship - capital-gain": 0.4022,
            "relationship - capital-loss": 0.39680000000000004,
            "relationship - hours-per-week": 0.007200000000000095,
            "relationship - native-country": 0.36460000000000004,
            "relationship - label": 0.22239999999999993,
            "race - sex": 0.5834,
            "race - capital-gain": 0.5451999999999999,
            "race - capital-loss": 0.6516,
            "race - hours-per-week": 0.021199999999999997,
            "race - native-country": 0.7766,
            "race - label": 0.6176,
            "sex - capital-gain": 0.544,
            "sex - capital-loss": 0.6494,
            "sex - hours-per-week": 0.012799999999999923,
            "sex - native-country": 0.5996,
            "sex - label": 0.4623999999999999,
            "capital-gain - native-country": 0.5462,
            "capital-gain - label": 0.5294000000000001,
            "capital-loss - native-country": 0.6522,
            "capital-loss - label": 0.633,
            "hours-per-week - native-country": 0.021600000000000175,
            "hours-per-week - label": 0.022599999999999842,
            "native-country - label": 0.662
        },
        "CorrelationSimilarity": {
            "age - fnlwgt": 0.9761124202931521,
            "age - capital-gain": 0.9437208646561227,
            "age - capital-loss": 0.9862719450263172,
            "age - hours-per-week": 0.9665957177755262,
            "fnlwgt - capital-gain": 0.986396290097637,
            "fnlwgt - capital-loss": 0.9831890399971228,
            "fnlwgt - hours-per-week": 0.9841693077855466,
            "capital-gain - capital-loss": 0.9700982857099698,
            "capital-gain - hours-per-week": 0.9516689388071781,
            "capital-loss - hours-per-week": 0.9579081042651507
        },
        "BoundaryAdherence": {
            "age": 1.0,
            "fnlwgt": 1.0,
            "education-num": 1.0,
            "capital-gain": 1.0,
            "capital-loss": 1.0,
            "hours-per-week": 1.0
        },
        "RangeCoverage": {
            "age": 0.6301369863013699,
            "fnlwgt": 0.12078715530543116,
            "education-num": 0.0,
            "capital-gain": 0.0015700157001570236,
            "capital-loss": 0.0011478420569329684,
            "hours-per-week": 0.010204081632653073
        },
        "CategoryCoverage": {
            "workclass": 0.1111111111111111,
            "education": 0.125,
            "marital-status": 0.14285714285714285,
            "occupation": 0.2857142857142857,
            "relationship": 0.16666666666666666,
            "race": 0.2,
            "sex": 0.5,
            "native-country": 0.025,
            "label": 0.5
        },