{
    "Dataset": "asia",
    "Num Rows": 5000,
    "Num Test Samples": 1000,
    "Synthesizer": "REaLTabFormer",
    "Fit Time (s)": 105.72093510627747,
    "Sample Time (s)": 6.756523609161377,
    "Decomposition Time (s)": 0.026081323623657227,
    "Overall Score": null,
    "Properties": {
        "Column Shapes": 0.9917,
        "Column Pair Trends": 0.9872142857142857
    },
    "Metrics": {
        "BoundaryAdherence": null,
        "RangeCoverage": null,
        "CategoryCoverage": 1.0,
        "KSComplement": null,
        "TVComplement": 0.9917,
        "StatisticSimilarity": null,
        "CorrelationSimilarity": null,
        "ContingencySimilarity": 0.9872142857142857,
        "TableStructure": 1.0,
        "NewRowSynthesis": null
    },
    "Metrics Overall Score": 0.9947285714285714,
    "Details": {
        "TVComplement": {
            "asia": 0.9928,
            "tub": 0.996,
            "smoke": 0.9916,
            "lung": 0.9936,
            "bronc": 0.992,
            "either": 0.9904000000000001,
            "xray": 0.9876,
            "dysp": 0.9896
        },
        "ContingencySimilarity": {
            "asia - tub": 0.9898,
            "asia - smoke": 0.9878,
            "asia - lung": 0.9866,
            "asia - bronc": 0.9882,
            "asia - either": 0.9844,
            "asia - xray": 0.9823999999999999,
            "asia - dysp": 0.9862000000000001,
            "tub - smoke": 0.9894,
            "tub - lung": 0.9904000000000001,
            "tub - bronc": 0.9892,
            "tub - either": 0.9904000000000001,
            "tub - xray": 0.9876,
            "tub - dysp": 0.9878,
            "smoke - lung": 0.9896,
            "smoke - bronc": 0.9914000000000001,
            "smoke - either": 0.9873999999999999,
            "smoke - xray": 0.9876,
            "smoke - dysp": 0.9862,
            "lung - bronc": 0.989,
            "lung - either": 0.9904000000000001,
            "lung - xray": 0.987,
            "lung - dysp": 0.9872,
            "bronc - either": 0.9865999999999999,
            "bronc - xray": 0.9876,
            "bronc - dysp": 0.9716,
            "either - xray": 0.987,
            "either - dysp": 0.9855999999999999,
            "xray - dysp": 0.9876
        },
        "CategoryCoverage": {
            "asia": 1.0,
            "tub": 1.0,
            "smoke": 1.0,
            "lung": 1.0,
            "bronc": 1.0,
            "either": 1.0,
            "xray": 1.0,
            "dysp": 1.0
        }
    }
}