{
    "Dataset": "adult",
    "Num Rows": 5000,
    "Num Test Samples": 2000,
    "Synthesizer": "TVAESynthesizer",
    "Fit Time (s)": 8.167893886566162,
    "Sample Time (s)": 0.47687530517578125,
    "Decomposition Time (s)": 0.017063379287719727,
    "Overall Score": null,
    "Properties": {
        "Column Shapes": 0.5517939673006339,
        "Column Pair Trends": 0.3370982833463796
    },
    "Metrics": {
        "BoundaryAdherence": 0.86675,
        "RangeCoverage": 0.16339360683753354,
        "CategoryCoverage": 0.3313712522045855,
        "KSComplement": 0.5985666666666667,
        "TVComplement": 0.5206121677232789,
        "StatisticSimilarity": null,
        "CorrelationSimilarity": 0.9411879834246566,
        "ContingencySimilarity": 0.23641666666666666,
        "TableStructure": 1.0,
        "NewRowSynthesis": 1.0
    },
    "Metrics Overall Score": 0.628699815947043,
    "Details": {
        "KSComplement": {
            "age": 0.6254,
            "fnlwgt": 0.654,
            "education-num": 0.5972999999999999,
            "capital-gain": 0.5329999999999999,
            "capital-loss": 0.4569,
            "hours-per-week": 0.7248
        },
        "TVComplement": {
            "workclass": 0.5584,
            "education": 0.36649999999999994,
            "marital-status": 0.05920000000000003,
            "occupation": 0.39170950950950945,
            "relationship": 0.14810000000000012,
            "race": 0.8426,
            "sex": 0.6734,
            "native-country": 0.896,
            "label": 0.7496
        },
        "ContingencySimilarity": {
            "age - workclass": 0.3639,
            "age - education": 0.2844,
            "age - marital-status": 0.047599999999999976,
            "age - occupation": 0.34650000000000003,
            "age - relationship": 0.07550000000000012,
            "age - race": 0.6039000000000001,
            "age - sex": 0.5468,
            "age - native-country": 0.6035999999999999,
            "age - label": 0.5093,
            "workclass - fnlwgt": 0.027100000000000013,
            "workclass - education": 0.2620000000000001,
            "workclass - education-num": 0.24280000000000002,
            "workclass - marital-status": 0.047499999999999876,
            "workclass - occupation": 0.19650000000000012,
            "workclass - relationship": 0.12380000000000013,
            "workclass - race": 0.5582,
            "workclass - sex": 0.4746,
            "workclass - capital-gain": 0.11869999999999992,
            "workclass - capital-loss": 0.07380000000000009,
            "workclass - hours-per-week": 0.3628,
            "workclass - native-country": 0.5382,
            "workclass - label": 0.5436,
            "fnlwgt - education": 0.02400000000000002,
            "fnlwgt - marital-status": 0.011299999999999977,
            "fnlwgt - occupation": 0.023299999999999987,
            "fnlwgt - relationship": 0.015499999999999958,
            "fnlwgt - race": 0.0374000000000001,
            "fnlwgt - sex": 0.036599999999999966,
            "fnlwgt - native-country": 0.04100000000000026,
            "fnlwgt - label": 0.038999999999999924,
            "education - education-num": 0.3138000000000001,
            "education - marital-status": 0.039000000000000035,
            "education - occupation": 0.14120000000000021,
            "education - relationship": 0.07890000000000008,
            "education - race": 0.3103,
            "education - sex": 0.2591,
            "education - capital-gain": 0.1078,
            "education - capital-loss": 0.06319999999999992,
            "education - hours-per-week": 0.27680000000000005,
            "education - native-country": 0.33150000000000013,
            "education - label": 0.2920999999999999,
            "education-num - marital-status": 0.05159999999999998,
            "education-num - occupation": 0.13319999999999999,
            "education-num - relationship": 0.09560000000000024,
            "education-num - race": 0.27939999999999987,
            "education-num - sex": 0.2278000000000001,
            "education-num - native-country": 0.3004,
            "education-num - label": 0.2724,
            "marital-status - occupation": 0.052300000000000124,
            "marital-status - relationship": 0.008600000000000052,
            "marital-status - race": 0.054400000000000115,
            "marital-status - sex": 0.05240000000000011,
            "marital-status - capital-gain": 0.028900000000000037,
            "marital-status - capital-loss": 0.03159999999999996,
            "marital-status - hours-per-week": 0.05359999999999998,
            "marital-status - native-country": 0.05390000000000006,
            "marital-status - label": 0.05800000000000005,
            "occupation - relationship": 0.07820000000000005,
            "occupation - race": 0.34530000000000005,
            "occupation - sex": 0.27649999999999997,
            "occupation - capital-gain": 0.1979000000000002,
            "occupation - capital-loss": 0.08040000000000003,
            "occupation - hours-per-week": 0.3449,
            "occupation - native-country": 0.36030000000000006,
            "occupation - label": 0.2841,
            "relationship - race": 0.13729999999999998,
            "relationship - sex": 0.13350000000000006,
            "relationship - capital-gain": 0.056600000000000206,
            "relationship - capital-loss": 0.05390000000000006,
            "relationship - hours-per-week": 0.09520000000000006,
            "relationship - native-country": 0.1353000000000002,
            "relationship - label": 0.1463000000000001,
            "race - sex": 0.5834,
            "race - capital-gain": 0.2047,
            "race - capital-loss": 0.10319999999999985,
            "race - hours-per-week": 0.6747000000000001,
            "race - native-country": 0.7767999999999999,
            "race - label": 0.6176,
            "sex - capital-gain": 0.20350000000000024,
            "sex - capital-loss": 0.0988,
            "sex - hours-per-week": 0.5952,
            "sex - native-country": 0.6016,
            "sex - label": 0.4623999999999999,
            "capital-gain - native-country": 0.19509999999999994,
            "capital-gain - label": 0.18940000000000012,
            "capital-loss - native-country": 0.10060000000000013,
            "capital-loss - label": 0.08279999999999998,
            "hours-per-week - native-country": 0.6628000000000001,
            "hours-per-week - label": 0.587,
            "native-country - label": 0.6652
        },
        "CorrelationSimilarity": {
            "age - fnlwgt": 0.947713427015611,
            "age - education-num": 0.9934087857973904,
            "age - capital-gain": 0.9461972902566985,
            "age - capital-loss": 0.9603853373955618,
            "age - hours-per-week": 0.6567652509441216,
            "fnlwgt - education-num": 0.9976627313040174,
            "fnlwgt - capital-gain": 0.9734102530146861,
            "fnlwgt - capital-loss": 0.9518243735466481,
            "fnlwgt - hours-per-week": 0.9773862302886951,
            "education-num - capital-gain": 0.9128090424538837,
            "education-num - capital-loss": 0.9718708860812056,
            "education-num - hours-per-week": 0.9444269714807978,
            "capital-gain - capital-loss": 0.9587764434044823,
            "capital-gain - hours-per-week": 0.9554534153806872,
            "capital-loss - hours-per-week": 0.9697293130053627
        },
        "BoundaryAdherence": {
            "age": 0.9985,
            "fnlwgt": 1.0,
            "education-num": 1.0,
            "capital-gain": 0.533,
            "capital-loss": 0.669,
            "hours-per-week": 1.0
        },
        "RangeCoverage": {
            "age": 0.5753424657534247,
            "fnlwgt": 0.10224871789946799,
            "education-num": 0.1333333333333333,
            "capital-gain": 0.001810018100180999,
            "capital-loss": 0.004361799816345324,