{
    "Dataset": "adult",
    "Num Rows": 1000,
    "Num Test Samples": 1000,
    "Synthesizer": "TVAESynthesizer",
    "Fit Time (s)": 4.239609718322754,
    "Sample Time (s)": 0.3207054138183594,
    "Decomposition Time (s)": 0,
    "Overall Score": null,
    "Properties": {
        "Column Shapes": 0.6529333333333334,
        "Column Pair Trends": 0.5319303617525325
    },
    "Metrics": {
        "BoundaryAdherence": 1.0,
        "RangeCoverage": 0.3797252656917853,
        "CategoryCoverage": 0.5657543074209741,
        "KSComplement": 0.6376666666666666,
        "TVComplement": 0.6631111111111111,
        "StatisticSimilarity": null,
        "CorrelationSimilarity": 0.9668458656010608,
        "ContingencySimilarity": 0.45944444444444443,
        "TableStructure": 1.0,
        "NewRowSynthesis": 1.0
    },
    "Metrics Overall Score": 0.7413941845484491,
    "Details": {
        "KSComplement": {
            "age": 0.725,
            "fnlwgt": 0.882,
            "education-num": 0.6819999999999999,
            "capital-gain": 0.5640000000000001,
            "capital-loss": 0.52,
            "hours-per-week": 0.45299999999999996
        },
        "TVComplement": {
            "workclass": 0.44200000000000017,
            "education": 0.5259999999999999,
            "marital-status": 0.8059999999999999,
            "occupation": 0.3610000000000001,
            "relationship": 0.621,
            "race": 0.837,
            "sex": 0.7450000000000001,
            "native-country": 0.9099999999999999,
            "label": 0.72
        },
        "ContingencySimilarity": {
            "age - workclass": 0.40900000000000025,
            "age - education": 0.474,
            "age - marital-status": 0.647,
            "age - occupation": 0.3320000000000001,
            "age - relationship": 0.5199999999999999,
            "age - race": 0.665,
            "age - sex": 0.647,
            "age - native-country": 0.6559999999999999,
            "age - label": 0.5800000000000001,
            "workclass - fnlwgt": 0.3600000000000001,
            "workclass - education": 0.3330000000000001,
            "workclass - education-num": 0.3320000000000003,
            "workclass - marital-status": 0.42999999999999994,
            "workclass - occupation": 0.30799999999999994,
            "workclass - relationship": 0.3890000000000001,
            "workclass - race": 0.42500000000000016,
            "workclass - sex": 0.43500000000000005,
            "workclass - capital-gain": 0.2829999999999999,
            "workclass - capital-loss": 0.29000000000000026,
            "workclass - hours-per-week": 0.3480000000000001,
            "workclass - native-country": 0.41500000000000026,
            "workclass - label": 0.42500000000000004,
            "fnlwgt - education": 0.387,
            "fnlwgt - marital-status": 0.508,
            "fnlwgt - occupation": 0.29399999999999993,
            "fnlwgt - relationship": 0.40800000000000003,
            "fnlwgt - race": 0.502,
            "fnlwgt - sex": 0.479,
            "fnlwgt - native-country": 0.5229999999999999,
            "fnlwgt - label": 0.47099999999999986,
            "education - education-num": 0.29900000000000004,
            "education - marital-status": 0.45100000000000007,
            "education - occupation": 0.2469999999999999,
            "education - relationship": 0.40800000000000003,
            "education - race": 0.46699999999999997,
            "education - sex": 0.44500000000000006,
            "education - capital-gain": 0.43200000000000005,
            "education - capital-loss": 0.44200000000000017,
            "education - hours-per-week": 0.3850000000000001,
            "education - native-country": 0.4920000000000001,
            "education - label": 0.475,
            "education-num - marital-status": 0.30900000000000016,
            "education-num - occupation": 0.12499999999999989,
            "education-num - relationship": 0.2480000000000001,
            "education-num - race": 0.31100000000000005,
            "education-num - sex": 0.31700000000000006,
            "education-num - native-country": 0.3450000000000001,
            "education-num - label": 0.31199999999999994,
            "marital-status - occupation": 0.31699999999999995,
            "marital-status - relationship": 0.405,
            "marital-status - race": 0.711,
            "marital-status - sex": 0.6849999999999999,
            "marital-status - capital-gain": 0.6000000000000001,
            "marital-status - capital-loss": 0.568,
            "marital-status - hours-per-week": 0.534,
            "marital-status - native-country": 0.736,
            "marital-status - label": 0.5599999999999999,
            "occupation - relationship": 0.2470000000000001,
            "occupation - race": 0.32099999999999995,
            "occupation - sex": 0.275,
            "occupation - capital-gain": 0.355,
            "occupation - capital-loss": 0.351,
            "occupation - hours-per-week": 0.30899999999999994,
            "occupation - native-country": 0.32899999999999996,
            "occupation - label": 0.2530000000000001,
            "relationship - race": 0.5779999999999998,
            "relationship - sex": 0.5229999999999999,
            "relationship - capital-gain": 0.488,
            "relationship - capital-loss": 0.4850000000000001,
            "relationship - hours-per-week": 0.47,
            "relationship - native-country": 0.5539999999999999,
            "relationship - label": 0.44599999999999995,
            "race - sex": 0.643,
            "race - capital-gain": 0.601,
            "race - capital-loss": 0.571,
            "race - hours-per-week": 0.544,
            "race - native-country": 0.786,
            "race - label": 0.5860000000000001,
            "sex - capital-gain": 0.603,
            "sex - capital-loss": 0.573,
            "sex - hours-per-week": 0.5299999999999999,
            "sex - native-country": 0.6719999999999999,
            "sex - label": 0.503,
            "capital-gain - native-country": 0.556,
            "capital-gain - label": 0.5859999999999999,
            "capital-loss - native-country": 0.5329999999999999,
            "capital-loss - label": 0.538,
            "hours-per-week - native-country": 0.5269999999999999,
            "hours-per-week - label": 0.4600000000000002,
            "native-country - label": 0.653
        },
        "CorrelationSimilarity": {
            "age - fnlwgt": 0.9408473833280728,
            "age - education-num": 0.9896536774980943,
            "age - capital-gain": 0.9612643821808342,
            "age - capital-loss": 0.963954141534344,
            "age - hours-per-week": 0.9715190153676471,
            "fnlwgt - education-num": 0.9995131000526527,
            "fnlwgt - capital-gain": 0.9842261854078787,
            "fnlwgt - capital-loss": 0.9855980831774686,
            "fnlwgt - hours-per-week": 0.9945717862962747,
            "education-num - capital-gain": 0.9602005439168511,
            "education-num - capital-loss": 0.9453799415391172,
            "education-num - hours-per-week": 0.9292146052106112,
            "capital-gain - capital-loss": 0.9924008676131261,
            "capital-gain - hours-per-week": 0.9745417313006445,
            "capital-loss - hours-per-week": 0.9098025395922935
        },
        "BoundaryAdherence": {
            "age": 1.0,
            "fnlwgt": 1.0,
            "education-num": 1.0,
            "capital-gain": 1.0,
            "capital-loss": 1.0,
            "hours-per-week": 1.0
        },
        "RangeCoverage": {
            "age": 0.6301369863013699,
            "fnlwgt": 0.4572234420507135,
            "education-num": 0.7333333333333334,
            "capital-gain": 0.003550035500355042,
            "capital-loss": 0.00512820512820511,
            "hours-per-week": 0.44897959183673475
        },
        "CategoryCoverage": {
            "workclass": 0.7777777777777778,
            "education": 0.625,