{
    "Dataset": "asia",
    "Num Rows": 5000,
    "Num Test Samples": 2000,
    "Synthesizer": "REaLTabFormer",
    "Fit Time (s)": 81.53460884094238,
    "Sample Time (s)": 2.056330442428589,
    "Decomposition Time (s)": 0,
    "Overall Score": null,
    "Properties": {
        "Column Shapes": 0.9866250000000001,
        "Column Pair Trends": 0.9781142857142859
    },
    "Metrics": {
        "BoundaryAdherence": null,
        "RangeCoverage": null,
        "CategoryCoverage": 1.0,
        "KSComplement": null,
        "TVComplement": 0.9866250000000001,
        "StatisticSimilarity": null,
        "CorrelationSimilarity": null,
        "ContingencySimilarity": 0.9781142857142859,
        "TableStructure": 1.0,
        "NewRowSynthesis": 0.002
    },
    "Metrics Overall Score": 0.7933478571428572,
    "Details": {
        "TVComplement": {
            "asia": 0.9987,
            "tub": 0.999,
            "smoke": 0.9801,
            "lung": 0.9901,
            "bronc": 0.9865,
            "either": 0.9899,
            "xray": 0.9811000000000001,
            "dysp": 0.9676
        },
        "ContingencySimilarity": {
            "asia - tub": 0.9977,
            "asia - smoke": 0.979,
            "asia - lung": 0.9893000000000001,
            "asia - bronc": 0.9865,
            "asia - either": 0.9899,
            "asia - xray": 0.9811,
            "asia - dysp": 0.9676,
            "tub - smoke": 0.9777,
            "tub - lung": 0.9899,
            "tub - bronc": 0.9849,
            "tub - either": 0.9899,
            "tub - xray": 0.9811000000000001,
            "tub - dysp": 0.9676,
            "smoke - lung": 0.9786,
            "smoke - bronc": 0.9712000000000001,
            "smoke - either": 0.9769,
            "smoke - xray": 0.9731,
            "smoke - dysp": 0.9597,
            "lung - bronc": 0.9815,
            "lung - either": 0.9899,
            "lung - xray": 0.981,
            "lung - dysp": 0.9637,
            "bronc - either": 0.9805999999999999,
            "bronc - xray": 0.9756,
            "bronc - dysp": 0.9676,
            "either - xray": 0.981,
            "either - dysp": 0.9646,
            "xray - dysp": 0.96
        },
        "CategoryCoverage": {
            "asia": 1.0,
            "tub": 1.0,
            "smoke": 1.0,
            "lung": 1.0,
            "bronc": 1.0,
            "either": 1.0,
            "xray": 1.0,
            "dysp": 1.0
        }
    }
}