{
    "Dataset": "asia",
    "Num Rows": 10000,
    "Num Test Samples": 2000,
    "Synthesizer": "TVAESynthesizer",
    "Fit Time (s)": 12.962987184524536,
    "Sample Time (s)": 0.7244465351104736,
    "Decomposition Time (s)": 0.016886234283447266,
    "Overall Score": null,
    "Properties": {
        "Column Shapes": 0.9579162778904665,
        "Column Pair Trends": 0.9183785714285716
    },
    "Metrics": {
        "BoundaryAdherence": null,
        "RangeCoverage": null,
        "CategoryCoverage": 0.6875,
        "KSComplement": null,
        "TVComplement": 0.9579162778904665,
        "StatisticSimilarity": null,
        "CorrelationSimilarity": null,
        "ContingencySimilarity": 0.9183785714285716,
        "TableStructure": 1.0,
        "NewRowSynthesis": 0.014
    },
    "Metrics Overall Score": 0.7155589698638076,
    "Details": {
        "TVComplement": {
            "asia": 0.9907,
            "tub": 0.99,
            "smoke": 0.9845302231237323,
            "lung": 0.9445,
            "bronc": 0.96,
            "either": 0.9351,
            "xray": 0.8854,
            "dysp": 0.9731
        },
        "ContingencySimilarity": {
            "asia - tub": 0.9816,
            "asia - smoke": 0.9733999999999999,
            "asia - lung": 0.9353,
            "asia - bronc": 0.9555,
            "asia - either": 0.9268,
            "asia - xray": 0.8778,
            "asia - dysp": 0.9687,
            "tub - smoke": 0.9731,
            "tub - lung": 0.9351,
            "tub - bronc": 0.954,
            "tub - either": 0.9351,
            "tub - xray": 0.8851,
            "tub - dysp": 0.9709,
            "smoke - lung": 0.9275,
            "smoke - bronc": 0.8349,
            "smoke - either": 0.9234,
            "smoke - xray": 0.8854,
            "smoke - dysp": 0.8082,
            "lung - bronc": 0.9359,
            "lung - either": 0.9351,
            "lung - xray": 0.8846,
            "lung - dysp": 0.9445,
            "bronc - either": 0.9302,
            "bronc - xray": 0.8854,
            "bronc - dysp": 0.8423,
            "either - xray": 0.8843,
            "either - dysp": 0.9351,
            "xray - dysp": 0.8854
        },
        "CategoryCoverage": {
            "asia": 0.5,
            "tub": 0.5,
            "smoke": 1.0,
            "lung": 0.5,
            "bronc": 1.0,
            "either": 0.5,
            "xray": 0.5,
            "dysp": 1.0
        }
    }
}