{
    "Dataset": "adult",
    "Num Rows": 5000,
    "Num Test Samples": 2000,
    "Synthesizer": "REaLTabFormer",
    "Fit Time (s)": 103.88480806350708,
    "Sample Time (s)": 6.728200197219849,
    "Decomposition Time (s)": 0,
    "Overall Score": null,
    "Properties": {
        "Column Shapes": 0.97204,
        "Column Pair Trends": 0.8743410234201817
    },
    "Metrics": {
        "BoundaryAdherence": 0.9993333333333333,
        "RangeCoverage": 0.8773910102180659,
        "CategoryCoverage": 0.9233245149911817,
        "KSComplement": 0.9755666666666668,
        "TVComplement": 0.9696888888888888,
        "StatisticSimilarity": null,
        "CorrelationSimilarity": 0.9848404972746043,
        "ContingencySimilarity": 0.8559244444444445,
        "TableStructure": 1.0,
        "NewRowSynthesis": 0.9995
    },
    "Metrics Overall Score": 0.9539521506463539,
    "Details": {
        "KSComplement": {
            "age": 0.9695,
            "fnlwgt": 0.9809,
            "education-num": 0.9816,
            "capital-gain": 0.9806,
            "capital-loss": 0.9886,
            "hours-per-week": 0.9522
        },
        "TVComplement": {
            "workclass": 0.97,
            "education": 0.9623,
            "marital-status": 0.9706,
            "occupation": 0.9645,
            "relationship": 0.9759,
            "race": 0.9646,
            "sex": 0.9831,
            "native-country": 0.9591,
            "label": 0.9771000000000001
        },
        "ContingencySimilarity": {
            "age - workclass": 0.9083,
            "age - education": 0.8785,
            "age - marital-status": 0.9055,
            "age - occupation": 0.8837,
            "age - relationship": 0.9089,
            "age - race": 0.909,
            "age - sex": 0.9284,
            "age - native-country": 0.8894,
            "age - label": 0.9232,
            "workclass - fnlwgt": 0.5747,
            "workclass - education": 0.9042,
            "workclass - education-num": 0.9193,
            "workclass - marital-status": 0.947,
            "workclass - occupation": 0.9335,
            "workclass - relationship": 0.9439,
            "workclass - race": 0.9369999999999999,
            "workclass - sex": 0.96,
            "workclass - capital-gain": 0.966,
            "workclass - capital-loss": 0.9323,
            "workclass - hours-per-week": 0.48540000000000005,
            "workclass - native-country": 0.9345,
            "workclass - label": 0.9629,
            "fnlwgt - education": 0.5724,
            "fnlwgt - marital-status": 0.5747,
            "fnlwgt - occupation": 0.5745,
            "fnlwgt - relationship": 0.5749,
            "fnlwgt - race": 0.5732000000000002,
            "fnlwgt - sex": 0.5751,
            "fnlwgt - native-country": 0.5675000000000001,
            "fnlwgt - label": 0.5749,
            "education - education-num": 0.9623,
            "education - marital-status": 0.9355,
            "education - occupation": 0.8781,
            "education - relationship": 0.9278,
            "education - race": 0.9389,
            "education - sex": 0.9420000000000001,
            "education - capital-gain": 0.9567,
            "education - capital-loss": 0.9240999999999999,
            "education - hours-per-week": 0.4738,
            "education - native-country": 0.9115,
            "education - label": 0.9482,
            "education-num - marital-status": 0.9461,
            "education-num - occupation": 0.8936,
            "education-num - relationship": 0.941,
            "education-num - race": 0.9397,
            "education-num - sex": 0.9499,
            "education-num - native-country": 0.916,
            "education-num - label": 0.9521000000000001,
            "marital-status - occupation": 0.9164,
            "marital-status - relationship": 0.9525,
            "marital-status - race": 0.9588,
            "marital-status - sex": 0.9644,
            "marital-status - capital-gain": 0.9672000000000001,
            "marital-status - capital-loss": 0.9357,
            "marital-status - hours-per-week": 0.474,
            "marital-status - native-country": 0.9464,
            "marital-status - label": 0.9684999999999999,
            "occupation - relationship": 0.925,
            "occupation - race": 0.9317,
            "occupation - sex": 0.9334,
            "occupation - capital-gain": 0.9596,
            "occupation - capital-loss": 0.9277,
            "occupation - hours-per-week": 0.46809999999999996,
            "occupation - native-country": 0.9137,
            "occupation - label": 0.9527,
            "relationship - race": 0.9534,
            "relationship - sex": 0.9681,
            "relationship - capital-gain": 0.972,
            "relationship - capital-loss": 0.9352,
            "relationship - hours-per-week": 0.48119999999999996,
            "relationship - native-country": 0.9369,
            "relationship - label": 0.9645,
            "race - sex": 0.9640000000000001,
            "race - capital-gain": 0.9598,
            "race - capital-loss": 0.9248000000000001,
            "race - hours-per-week": 0.48629999999999995,
            "race - native-country": 0.9266,
            "race - label": 0.9497,
            "sex - capital-gain": 0.9805999999999999,
            "sex - capital-loss": 0.95,
            "sex - hours-per-week": 0.4919,
            "sex - native-country": 0.9547,
            "sex - label": 0.9771,
            "capital-gain - native-country": 0.9546,
            "capital-gain - label": 0.9763999999999999,
            "capital-loss - native-country": 0.9198,
            "capital-loss - label": 0.9369000000000001,
            "hours-per-week - native-country": 0.4790000000000001,
            "hours-per-week - label": 0.4907,
            "native-country - label": 0.9431
        },
        "CorrelationSimilarity": {
            "age - fnlwgt": 0.9939640779557631,
            "age - education-num": 0.9981917082067957,
            "age - capital-gain": 0.9977377421374107,
            "age - capital-loss": 0.9820252589907125,
            "age - hours-per-week": 0.9486100264184624,
            "fnlwgt - education-num": 0.9669603774450783,
            "fnlwgt - capital-gain": 0.986236562423817,
            "fnlwgt - capital-loss": 0.9834169188554295,
            "fnlwgt - hours-per-week": 0.9861781082653182,
            "education-num - capital-gain": 0.9634882571875008,
            "education-num - capital-loss": 0.9954666249443264,
            "education-num - hours-per-week": 0.9904532492896103,
            "capital-gain - capital-loss": 0.9965718250685823,
            "capital-gain - hours-per-week": 0.992131845917567,
            "capital-loss - hours-per-week": 0.9911748760126923
        },
        "BoundaryAdherence": {
            "age": 0.999,
            "fnlwgt": 0.998,
            "education-num": 1.0,
            "capital-gain": 1.0,
            "capital-loss": 1.0,
            "hours-per-week": 0.999
        },
        "RangeCoverage": {
            "age": 1.0,
            "fnlwgt": 0.6015820576353008,
            "education-num": 1.0,
            "capital-gain": 1.0,
            "capital-loss": 0.6627640036730946,
            "hours-per-week": 1.0
        },
        "CategoryCoverage": {
            "workclass": 0.7777777777777778,
            "education": 1.0,
            "marital-status": 0.8571428571428571,
            "occupation": 1.0,
            "relationship": 1.0,
            "race": 1.0,
            "sex": 1.0,
            "native-country": 0.675,
            "label": 1.0
        },
        "StatisticalSimilarity": {
            "age - workclass": 0.9977684931506849,
            "age - fnlwgt": 0.9977684931506849,
            "age - education": 0.9977684931506849,
            "age - education-num": 0.9977684931506849,
            "age - marital-status": 0.9977684931506849,
            "age - occupation": 0.9977684931506849,
            "age - relationship": 0.9977684931506849,