{
    "Dataset": "adult",
    "Num Rows": 10000,
    "Num Test Samples": 1000,
    "Synthesizer": "TVAESynthesizer",
    "Fit Time (s)": 10.854259252548218,
    "Sample Time (s)": 0.3084437847137451,
    "Decomposition Time (s)": 0,
    "Overall Score": null,
    "Properties": {
        "Column Shapes": 0.61296,
        "Column Pair Trends": 0.388849272163156
    },
    "Metrics": {
        "BoundaryAdherence": 1.0,
        "RangeCoverage": 0.08281798897717842,
        "CategoryCoverage": 0.2341694627263733,
        "KSComplement": 0.60795,
        "TVComplement": 0.6163000000000001,
        "StatisticSimilarity": null,
        "CorrelationSimilarity": 0.9666883546104952,
        "ContingencySimilarity": 0.3503266666666667,
        "TableStructure": 1.0,
        "NewRowSynthesis": 0.999
    },
    "Metrics Overall Score": 0.6508058303311903,
    "Details": {
        "KSComplement": {
            "age": 0.6128,
            "fnlwgt": 0.6946,
            "education-num": 0.4465,
            "capital-gain": 0.5621,
            "capital-loss": 0.6326,
            "hours-per-week": 0.6991
        },
        "TVComplement": {
            "workclass": 0.7006000000000001,
            "education": 0.3224999999999999,
            "marital-status": 0.46129999999999993,
            "occupation": 0.497,
            "relationship": 0.4033,
            "race": 0.8471,
            "sex": 0.6673,
            "native-country": 0.8927,
            "label": 0.7549
        },
        "ContingencySimilarity": {
            "age - workclass": 0.43579999999999997,
            "age - education": 0.28990000000000005,
            "age - marital-status": 0.41100000000000014,
            "age - occupation": 0.3929,
            "age - relationship": 0.3652000000000001,
            "age - race": 0.548,
            "age - sex": 0.4751000000000001,
            "age - native-country": 0.5660000000000001,
            "age - label": 0.44800000000000006,
            "workclass - fnlwgt": 0.21339999999999992,
            "workclass - education": 0.2421000000000002,
            "workclass - education-num": 0.24209999999999998,
            "workclass - marital-status": 0.30590000000000006,
            "workclass - occupation": 0.4001000000000001,
            "workclass - relationship": 0.2675000000000002,
            "workclass - race": 0.5947000000000001,
            "workclass - sex": 0.4616,
            "workclass - capital-gain": 0.5803,
            "workclass - capital-loss": 0.5936,
            "workclass - hours-per-week": 0.08390000000000009,
            "workclass - native-country": 0.6207,
            "workclass - label": 0.5438,
            "fnlwgt - education": 0.13440000000000007,
            "fnlwgt - marital-status": 0.1572,
            "fnlwgt - occupation": 0.17490000000000028,
            "fnlwgt - relationship": 0.14580000000000015,
            "fnlwgt - race": 0.23230000000000006,
            "fnlwgt - sex": 0.20660000000000012,
            "fnlwgt - native-country": 0.24440000000000006,
            "fnlwgt - label": 0.22330000000000005,
            "education - education-num": 0.3225,
            "education - marital-status": 0.14360000000000006,
            "education - occupation": 0.1643,
            "education - relationship": 0.12619999999999998,
            "education - race": 0.273,
            "education - sex": 0.2136,
            "education - capital-gain": 0.3225,
            "education - capital-loss": 0.3140999999999998,
            "education - hours-per-week": 0.03049999999999986,
            "education - native-country": 0.2983,
            "education - label": 0.2728999999999999,
            "education-num - marital-status": 0.14360000000000006,
            "education-num - occupation": 0.1643000000000001,
            "education-num - relationship": 0.12619999999999998,
            "education-num - race": 0.273,
            "education-num - sex": 0.2136,
            "education-num - native-country": 0.2983,
            "education-num - label": 0.27290000000000014,
            "marital-status - occupation": 0.30420000000000014,
            "marital-status - relationship": 0.4031,
            "marital-status - race": 0.40990000000000004,
            "marital-status - sex": 0.4084,
            "marital-status - capital-gain": 0.4581000000000002,
            "marital-status - capital-loss": 0.43530000000000013,
            "marital-status - hours-per-week": 0.07540000000000002,
            "marital-status - native-country": 0.4116000000000001,
            "marital-status - label": 0.25360000000000005,
            "occupation - relationship": 0.2650000000000001,
            "occupation - race": 0.46509999999999996,
            "occupation - sex": 0.37460000000000016,
            "occupation - capital-gain": 0.3611000000000001,
            "occupation - capital-loss": 0.3732000000000001,
            "occupation - hours-per-week": 0.09450000000000014,
            "occupation - native-country": 0.47140000000000004,
            "occupation - label": 0.37649999999999983,
            "relationship - race": 0.3622000000000001,
            "relationship - sex": 0.4032,
            "relationship - capital-gain": 0.4004000000000001,
            "relationship - capital-loss": 0.37980000000000014,
            "relationship - hours-per-week": 0.07030000000000003,
            "relationship - native-country": 0.3621,
            "relationship - label": 0.22160000000000002,
            "race - sex": 0.5826,
            "race - capital-gain": 0.5861999999999999,
            "race - capital-loss": 0.5954999999999999,
            "race - hours-per-week": 0.11289999999999989,
            "race - native-country": 0.7801,
            "race - label": 0.6273,
            "sex - capital-gain": 0.5846999999999999,
            "sex - capital-loss": 0.5931,
            "sex - hours-per-week": 0.10070000000000001,
            "sex - native-country": 0.5944,
            "sex - label": 0.4609,
            "capital-gain - native-country": 0.5871999999999999,
            "capital-gain - label": 0.5684,
            "capital-loss - native-country": 0.596,
            "capital-loss - label": 0.5965,
            "hours-per-week - native-country": 0.11350000000000016,
            "hours-per-week - label": 0.06720000000000004,
            "native-country - label": 0.6677
        },
        "CorrelationSimilarity": {
            "age - fnlwgt": 0.9066694336526624,
            "age - capital-gain": 0.9665018123170374,
            "age - capital-loss": 0.9963472038476111,
            "fnlwgt - capital-gain": 0.9989843348658074,
            "fnlwgt - capital-loss": 0.9674581647765433,
            "capital-gain - capital-loss": 0.9641691782033102
        },
        "BoundaryAdherence": {
            "age": 1.0,
            "fnlwgt": 1.0,
            "education-num": 1.0,
            "capital-gain": 1.0,
            "capital-loss": 1.0,
            "hours-per-week": 1.0
        },
        "RangeCoverage": {
            "age": 0.3561643835616438,
            "fnlwgt": 0.138964834167158,
            "education-num": 0.0,
            "capital-gain": 0.001090010900108962,
            "capital-loss": 0.0006887052341597588,
            "hours-per-week": 0.0
        },
        "CategoryCoverage": {
            "workclass": 0.1111111111111111,
            "education": 0.0625,
            "marital-status": 0.14285714285714285,
            "occupation": 0.4,
            "relationship": 0.16666666666666666,
            "race": 0.2,
            "sex": 0.5,
            "native-country": 0.024390243902439025,
            "label": 0.5
        },
        "StatisticalSimilarity": {
            "age - workclass": 0.8797890410958904,
            "age - fnlwgt": 0.8797890410958904,
            "age - education": 0.8797890410958904,
            "age - education-num": 0.8797890410958904,
            "age - marital-status": 0.8797890410958904,
            "age - occupation": 0.8797890410958904,