{
    "Dataset": "adult",
    "Num Rows": 5000,
    "Num Test Samples": 1000,
    "Synthesizer": "REaLTabFormer",
    "Fit Time (s)": 107.816739320755,
    "Sample Time (s)": 8.168514490127563,
    "Decomposition Time (s)": 0.027764558792114258,
    "Overall Score": null,
    "Properties": {
        "Column Shapes": 0.7398186359573029,
        "Column Pair Trends": 0.5397850417440183
    },
    "Metrics": {
        "BoundaryAdherence": 0.9191666666666666,
        "RangeCoverage": 0.7824630038473638,
        "CategoryCoverage": 0.7702821869488536,
        "KSComplement": 0.8445666666666666,
        "TVComplement": 0.6699866154843939,
        "StatisticSimilarity": null,
        "CorrelationSimilarity": 0.9783752922081284,
        "ContingencySimilarity": 0.46668666666666664,
        "TableStructure": 1.0,
        "NewRowSynthesis": null
    },
    "Metrics Overall Score": 0.8039408873110925,
    "Details": {
        "KSComplement": {
            "age": 0.9698,
            "fnlwgt": 0.9682,
            "education-num": 0.758,
            "capital-gain": 0.696,
            "capital-loss": 0.858,
            "hours-per-week": 0.8174
        },
        "TVComplement": {
            "workclass": 0.6976,
            "education": 0.5832836012861736,
            "marital-status": 0.4386,
            "occupation": 0.7645243523316062,
            "relationship": 0.3433102204408818,
            "race": 0.851,
            "sex": 0.7294,
            "native-country": 0.8525212851405624,
            "label": 0.7696400801603207
        },
        "ContingencySimilarity": {
            "age - workclass": 0.48940000000000006,
            "age - education": 0.48439999999999994,
            "age - marital-status": 0.2490000000000001,
            "age - occupation": 0.5873999999999999,
            "age - relationship": 0.19480000000000008,
            "age - race": 0.6226,
            "age - sex": 0.5633999999999999,
            "age - native-country": 0.6458,
            "age - label": 0.5124,
            "workclass - fnlwgt": 0.30280000000000007,
            "workclass - education": 0.3954,
            "workclass - education-num": 0.38439999999999996,
            "workclass - marital-status": 0.3026000000000001,
            "workclass - occupation": 0.45420000000000016,
            "workclass - relationship": 0.23420000000000007,
            "workclass - race": 0.6364000000000001,
            "workclass - sex": 0.5267999999999999,
            "workclass - capital-gain": 0.6941999999999999,
            "workclass - capital-loss": 0.6796,
            "workclass - hours-per-week": 0.27980000000000005,
            "workclass - native-country": 0.5926,
            "workclass - label": 0.5778000000000001,
            "fnlwgt - education": 0.29800000000000015,
            "fnlwgt - marital-status": 0.21260000000000012,
            "fnlwgt - occupation": 0.3588,
            "fnlwgt - relationship": 0.23860000000000015,
            "fnlwgt - race": 0.3620000000000002,
            "fnlwgt - sex": 0.36460000000000004,
            "fnlwgt - native-country": 0.3609999999999999,
            "fnlwgt - label": 0.3700000000000002,
            "education - education-num": 0.10699999999999998,
            "education - marital-status": 0.2732,
            "education - occupation": 0.40679999999999994,
            "education - relationship": 0.29820000000000013,
            "education - race": 0.4968,
            "education - sex": 0.5234,
            "education - capital-gain": 0.5436,
            "education - capital-loss": 0.5312,
            "education - hours-per-week": 0.35020000000000007,
            "education - native-country": 0.44320000000000004,
            "education - label": 0.4982,
            "education-num - marital-status": 0.2764000000000001,
            "education-num - occupation": 0.4079999999999999,
            "education-num - relationship": 0.2532000000000001,
            "education-num - race": 0.48139999999999994,
            "education-num - sex": 0.46119999999999994,
            "education-num - native-country": 0.46520000000000006,
            "education-num - label": 0.5052,
            "marital-status - occupation": 0.3350000000000002,
            "marital-status - relationship": 0.06580000000000008,
            "marital-status - race": 0.41400000000000003,
            "marital-status - sex": 0.43820000000000003,
            "marital-status - capital-gain": 0.43820000000000014,
            "marital-status - capital-loss": 0.4216000000000002,
            "marital-status - hours-per-week": 0.27160000000000006,
            "marital-status - native-country": 0.374,
            "marital-status - label": 0.32400000000000007,
            "occupation - relationship": 0.3164,
            "occupation - race": 0.6719999999999999,
            "occupation - sex": 0.657,
            "occupation - capital-gain": 0.7387999999999999,
            "occupation - capital-loss": 0.725,
            "occupation - hours-per-week": 0.3857999999999999,
            "occupation - native-country": 0.6264,
            "occupation - label": 0.6704,
            "relationship - race": 0.2924000000000001,
            "relationship - sex": 0.22760000000000002,
            "relationship - capital-gain": 0.34120000000000006,
            "relationship - capital-loss": 0.3298000000000002,
            "relationship - hours-per-week": 0.21720000000000006,
            "relationship - native-country": 0.31800000000000006,
            "relationship - label": 0.3258,
            "race - sex": 0.6428,
            "race - capital-gain": 0.8408,
            "race - capital-loss": 0.8096,
            "race - hours-per-week": 0.395,
            "race - native-country": 0.7886,
            "race - label": 0.6454,
            "sex - capital-gain": 0.7193999999999999,
            "sex - capital-loss": 0.6924,
            "sex - hours-per-week": 0.37280000000000013,
            "sex - native-country": 0.6946,
            "sex - label": 0.5384,
            "capital-gain - native-country": 0.8478,
            "capital-gain - label": 0.7694,
            "capital-loss - native-country": 0.8286,
            "capital-loss - label": 0.734,
            "hours-per-week - native-country": 0.3952,
            "hours-per-week - label": 0.3238000000000001,
            "native-country - label": 0.7390000000000001
        },
        "CorrelationSimilarity": {
            "age - fnlwgt": 0.9917670210533793,
            "age - education-num": 0.9810040927578987,
            "age - capital-gain": 0.9934596454429375,
            "age - capital-loss": 0.9939769898387959,
            "age - hours-per-week": 0.939014428831578,
            "fnlwgt - education-num": 0.9533033140469508,
            "fnlwgt - capital-gain": 0.9888839292820198,
            "fnlwgt - capital-loss": 0.9765437413865358,
            "fnlwgt - hours-per-week": 0.9878581903578578,
            "education-num - capital-gain": 0.9780456091067697,
            "education-num - capital-loss": 0.9786895900810877,
            "education-num - hours-per-week": 0.9739703681493781,
            "capital-gain - capital-loss": 0.9509769491192319,
            "capital-gain - hours-per-week": 0.9972962968713373,
            "capital-loss - hours-per-week": 0.99083921679617
        },
        "BoundaryAdherence": {
            "age": 0.975,
            "fnlwgt": 0.994,
            "education-num": 1.0,
            "capital-gain": 0.694,
            "capital-loss": 0.858,
            "hours-per-week": 0.994
        },
        "RangeCoverage": {
            "age": 1,
            "fnlwgt": 0.46355297107990956,
            "education-num": 0.7333333333333334,
            "capital-gain": 1,
            "capital-loss": 0.6611570247933884,
            "hours-per-week": 0.8367346938775511
        },
        "CategoryCoverage": {
            "workclass": 0.4444444444444444,
            "education": 1.0,
            "marital-status": 0.5714285714285714,
            "occupation": 1.0,