{
    "Dataset": "asia",
    "Num Rows": 5000,
    "Num Test Samples": 2000,
    "Synthesizer": "REaLTabFormer",
    "Fit Time (s)": 103.95869159698486,
    "Sample Time (s)": 12.453582525253296,
    "Decomposition Time (s)": 0.014250516891479492,
    "Overall Score": null,
    "Properties": {
        "Column Shapes": 0.9926437843921961,
        "Column Pair Trends": 0.9880571428571429
    },
    "Metrics": {
        "BoundaryAdherence": null,
        "RangeCoverage": null,
        "CategoryCoverage": 1.0,
        "KSComplement": null,
        "TVComplement": 0.9926437843921961,
        "StatisticSimilarity": null,
        "CorrelationSimilarity": null,
        "ContingencySimilarity": 0.9880571428571429,
        "TableStructure": 1.0,
        "NewRowSynthesis": null
    },
    "Metrics Overall Score": 0.9951752318123348,
    "Details": {
        "TVComplement": {
            "asia": 0.9928,
            "tub": 0.9954999999999999,
            "smoke": 0.9891000000000001,
            "lung": 0.9966,
            "bronc": 0.997,
            "either": 0.9924000000000001,
            "xray": 0.9811502751375688,
            "dysp": 0.9965999999999999
        },
        "ContingencySimilarity": {
            "asia - tub": 0.9893,
            "asia - smoke": 0.9853,
            "asia - lung": 0.9896,
            "asia - bronc": 0.9928,
            "asia - either": 0.9864,
            "asia - xray": 0.9759,
            "asia - dysp": 0.9928,
            "tub - smoke": 0.9879,
            "tub - lung": 0.9929,
            "tub - bronc": 0.9953,
            "tub - either": 0.9924000000000001,
            "tub - xray": 0.9811,
            "tub - dysp": 0.9953,
            "smoke - lung": 0.9876,
            "smoke - bronc": 0.9877,
            "smoke - either": 0.9859,
            "smoke - xray": 0.9811,
            "smoke - dysp": 0.9891,
            "lung - bronc": 0.9965,
            "lung - either": 0.9924,
            "lung - xray": 0.9805,
            "lung - dysp": 0.9947,
            "bronc - either": 0.9924,
            "bronc - xray": 0.9811,
            "bronc - dysp": 0.9856,
            "either - xray": 0.9805,
            "either - dysp": 0.9924,
            "xray - dysp": 0.9811
        },
        "CategoryCoverage": {
            "asia": 1.0,
            "tub": 1.0,
            "smoke": 1.0,
            "lung": 1.0,
            "bronc": 1.0,
            "either": 1.0,
            "xray": 1.0,
            "dysp": 1.0
        }
    }
}