{
    "Dataset": "adult",
    "Num Rows": 5000,
    "Num Test Samples": 4000,
    "Synthesizer": "TVAESynthesizer",
    "Fit Time (s)": 6.738304853439331,
    "Sample Time (s)": 0.7798924446105957,
    "Decomposition Time (s)": 0,
    "Overall Score": null,
    "Properties": {
        "Column Shapes": 0.59143,
        "Column Pair Trends": 0.4027195726695729
    },
    "Metrics": {
        "BoundaryAdherence": 1.0,
        "RangeCoverage": 0.12563506867434762,
        "CategoryCoverage": 0.2628747795414462,
        "KSComplement": 0.5914416666666666,
        "TVComplement": 0.5914222222222222,
        "StatisticSimilarity": null,
        "CorrelationSimilarity": 0.9663136753536771,
        "ContingencySimilarity": 0.3087872222222222,
        "TableStructure": 1.0,
        "NewRowSynthesis": 0.99925
    },
    "Metrics Overall Score": 0.6495249594089536,
    "Details": {
        "KSComplement": {
            "age": 0.5885,
            "fnlwgt": 0.6877,
            "education-num": 0.43294999999999995,
            "capital-gain": 0.5459,
            "capital-loss": 0.5979,
            "hours-per-week": 0.6957
        },
        "TVComplement": {
            "workclass": 0.708,
            "education": 0.31404999999999983,
            "marital-status": 0.4630000000000001,
            "occupation": 0.27449999999999974,
            "relationship": 0.4050499999999999,
            "race": 0.8426,
            "sex": 0.6734,
            "native-country": 0.8926,
            "label": 0.7496
        },
        "ContingencySimilarity": {
            "age - workclass": 0.68275,
            "age - education": 0.3137000000000001,
            "age - marital-status": 0.46299999999999997,
            "age - occupation": 0.27049999999999985,
            "age - relationship": 0.40505,
            "age - race": 0.73455,
            "age - sex": 0.64195,
            "age - native-country": 0.75685,
            "age - label": 0.7152000000000001,
            "workclass - fnlwgt": 0.07210000000000016,
            "workclass - education": 0.23624999999999996,
            "workclass - education-num": 0.005550000000000055,
            "workclass - marital-status": 0.31520000000000004,
            "workclass - occupation": 0.22029999999999994,
            "workclass - relationship": 0.27565000000000006,
            "workclass - race": 0.599,
            "workclass - sex": 0.47419999999999995,
            "workclass - capital-gain": 0.6583,
            "workclass - capital-loss": 0.5799000000000001,
            "workclass - hours-per-week": 0.010699999999999932,
            "workclass - native-country": 0.6292000000000001,
            "workclass - label": 0.5432,
            "fnlwgt - education": 0.062249999999999917,
            "fnlwgt - marital-status": 0.06564999999999999,
            "fnlwgt - occupation": 0.05995000000000006,
            "fnlwgt - relationship": 0.06384999999999996,
            "fnlwgt - race": 0.07150000000000012,
            "fnlwgt - sex": 0.07090000000000007,
            "fnlwgt - native-country": 0.0727000000000001,
            "fnlwgt - label": 0.07350000000000012,
            "education - education-num": 0.0,
            "education - marital-status": 0.14084999999999992,
            "education - occupation": 0.12220000000000009,
            "education - relationship": 0.12390000000000012,
            "education - race": 0.2620500000000001,
            "education - sex": 0.2138500000000001,
            "education - capital-gain": 0.31389999999999985,
            "education - capital-loss": 0.31404999999999994,
            "education - hours-per-week": 0.006449999999999956,
            "education - native-country": 0.28685000000000005,
            "education - label": 0.2642499999999999,
            "education-num - marital-status": 0.003750000000000142,
            "education-num - occupation": 0.0025500000000000522,
            "education-num - relationship": 0.0034000000000002917,
            "education-num - race": 0.005750000000000144,
            "education-num - sex": 0.004750000000000143,
            "education-num - native-country": 0.0021500000000002073,
            "education-num - label": 0.006350000000000078,
            "marital-status - occupation": 0.20650000000000013,
            "marital-status - relationship": 0.40505,
            "marital-status - race": 0.4116000000000001,
            "marital-status - sex": 0.41000000000000003,
            "marital-status - capital-gain": 0.4594499999999999,
            "marital-status - capital-loss": 0.4630000000000001,
            "marital-status - hours-per-week": 0.008900000000000019,
            "marital-status - native-country": 0.41300000000000014,
            "marital-status - label": 0.25380000000000014,
            "occupation - relationship": 0.19395000000000018,
            "occupation - race": 0.2556999999999999,
            "occupation - sex": 0.22129999999999994,
            "occupation - capital-gain": 0.23709999999999987,
            "occupation - capital-loss": 0.22029999999999994,
            "occupation - hours-per-week": 0.01110000000000011,
            "occupation - native-country": 0.25670000000000004,
            "occupation - label": 0.21389999999999998,
            "relationship - race": 0.36385,
            "relationship - sex": 0.40484999999999993,
            "relationship - capital-gain": 0.40169999999999995,
            "relationship - capital-loss": 0.4050499999999999,
            "relationship - hours-per-week": 0.006950000000000012,
            "relationship - native-country": 0.3648499999999999,
            "relationship - label": 0.22265000000000001,
            "race - sex": 0.5834,
            "race - capital-gain": 0.6637,
            "race - capital-loss": 0.5912999999999999,
            "race - hours-per-week": 0.02069999999999983,
            "race - native-country": 0.7766,
            "race - label": 0.6176,
            "sex - capital-gain": 0.6625000000000001,
            "sex - capital-loss": 0.5872999999999999,
            "sex - hours-per-week": 0.012299999999999867,
            "sex - native-country": 0.5996,
            "sex - label": 0.4623999999999999,
            "capital-gain - native-country": 0.6647000000000001,
            "capital-gain - label": 0.6486500000000001,
            "capital-loss - native-country": 0.5921000000000001,
            "capital-loss - label": 0.5710999999999999,
            "hours-per-week - native-country": 0.02110000000000034,
            "hours-per-week - label": 0.022099999999999898,
            "native-country - label": 0.662
        },
        "CorrelationSimilarity": {
            "age - fnlwgt": 0.9541366581197087,
            "age - education-num": 0.9866709383943651,
            "age - capital-gain": 0.9641471531755483,
            "age - capital-loss": 0.9604819196752187,
            "age - hours-per-week": 0.9800449897559881,
            "fnlwgt - education-num": 0.9806123331232122,
            "fnlwgt - capital-gain": 0.9908721872458395,
            "fnlwgt - capital-loss": 0.9900612071430146,
            "fnlwgt - hours-per-week": 0.9855731452614489,
            "education-num - capital-gain": 0.9335974864075476,
            "education-num - capital-loss": 0.9568952765180962,
            "education-num - hours-per-week": 0.915198807462319,
            "capital-gain - capital-loss": 0.9859451523009923,
            "capital-gain - hours-per-week": 0.9503606061643753,
            "capital-loss - hours-per-week": 0.960107269557481
        },
        "BoundaryAdherence": {
            "age": 1.0,
            "fnlwgt": 1.0,
            "education-num": 1.0,
            "capital-gain": 1.0,
            "capital-loss": 1.0,
            "hours-per-week": 1.0
        },
        "RangeCoverage": {
            "age": 0.547945205479452,
            "fnlwgt": 0.12479832126462165,
            "education-num": 0.06666666666666665,
            "capital-gain": 0.002130021300213003,