{
    "Dataset": "adult",
    "Num Rows": 10000,
    "Num Test Samples": 1000,
    "Synthesizer": "TVAESynthesizer",
    "Fit Time (s)": 14.907569408416748,
    "Sample Time (s)": 0.2634317874908447,
    "Decomposition Time (s)": 0.03264760971069336,
    "Overall Score": null,
    "Properties": {
        "Column Shapes": 0.5253862646566164,
        "Column Pair Trends": 0.311836557220389
    },
    "Metrics": {
        "BoundaryAdherence": 0.9003333333333333,
        "RangeCoverage": 0.15752247148289447,
        "CategoryCoverage": 0.30021561921968426,
        "KSComplement": 0.5728833333333333,
        "TVComplement": 0.4937215522054718,
        "StatisticSimilarity": null,
        "CorrelationSimilarity": 0.9289959005427225,
        "ContingencySimilarity": 0.2089766666666667,
        "TableStructure": 1.0,
        "NewRowSynthesis": 1.0
    },
    "Metrics Overall Score": 0.6180720974204562,
    "Details": {
        "KSComplement": {
            "age": 0.6923,
            "fnlwgt": 0.7149,
            "education-num": 0.5805,
            "capital-gain": 0.47309999999999997,
            "capital-loss": 0.3266,
            "hours-per-week": 0.6498999999999999
        },
        "TVComplement": {
            "workclass": 0.14239999999999997,
            "education": 0.3882,
            "marital-status": 0.22629999999999995,
            "occupation": 0.3322939698492463,
            "relationship": 0.18869999999999987,
            "race": 0.8471,
            "sex": 0.6673,
            "native-country": 0.8963000000000001,
            "label": 0.7549
        },
        "ContingencySimilarity": {
            "age - workclass": 0.1422000000000001,
            "age - education": 0.32399999999999995,
            "age - marital-status": 0.09650000000000014,
            "age - occupation": 0.244,
            "age - relationship": 0.06380000000000008,
            "age - race": 0.6079000000000001,
            "age - sex": 0.5367,
            "age - native-country": 0.6244000000000001,
            "age - label": 0.5071000000000001,
            "workclass - fnlwgt": 0.11560000000000004,
            "workclass - education": 0.124,
            "workclass - education-num": 0.007000000000000117,
            "workclass - marital-status": 0.05219999999999991,
            "workclass - occupation": 0.1362000000000001,
            "workclass - relationship": 0.0814999999999999,
            "workclass - race": 0.14229999999999998,
            "workclass - sex": 0.14240000000000008,
            "workclass - capital-gain": 0.02770000000000017,
            "workclass - capital-loss": 0.03220000000000012,
            "workclass - hours-per-week": 0.1419999999999999,
            "workclass - native-country": 0.13829999999999998,
            "workclass - label": 0.14240000000000008,
            "fnlwgt - education": 0.23030000000000017,
            "fnlwgt - marital-status": 0.13839999999999997,
            "fnlwgt - occupation": 0.22270000000000012,
            "fnlwgt - relationship": 0.11440000000000006,
            "fnlwgt - race": 0.3232999999999999,
            "fnlwgt - sex": 0.2976,
            "fnlwgt - native-country": 0.33219999999999994,
            "fnlwgt - label": 0.31430000000000013,
            "education - education-num": 0.014700000000000046,
            "education - marital-status": 0.1705000000000002,
            "education - occupation": 0.14650000000000007,
            "education - relationship": 0.0949000000000001,
            "education - race": 0.3327999999999999,
            "education - sex": 0.26159999999999994,
            "education - capital-gain": 0.14759999999999995,
            "education - capital-loss": 0.035800000000000276,
            "education - hours-per-week": 0.2771,
            "education - native-country": 0.3569,
            "education - label": 0.29710000000000003,
            "education-num - marital-status": 0.010800000000000032,
            "education-num - occupation": 0.0031000000000003247,
            "education-num - relationship": 0.0044999999999999485,
            "education-num - race": 0.018200000000000105,
            "education-num - sex": 0.015100000000000002,
            "education-num - native-country": 0.013100000000000112,
            "education-num - label": 0.010000000000000009,
            "marital-status - occupation": 0.09840000000000027,
            "marital-status - relationship": 0.012399999999999967,
            "marital-status - race": 0.2219000000000001,
            "marital-status - sex": 0.22019999999999984,
            "marital-status - capital-gain": 0.050000000000000155,
            "marital-status - capital-loss": 0.04810000000000014,
            "marital-status - hours-per-week": 0.16360000000000008,
            "marital-status - native-country": 0.2128000000000002,
            "marital-status - label": 0.22510000000000008,
            "occupation - relationship": 0.10330000000000017,
            "occupation - race": 0.29890000000000005,
            "occupation - sex": 0.22699999999999998,
            "occupation - capital-gain": 0.1262000000000001,
            "occupation - capital-loss": 0.03670000000000018,
            "occupation - hours-per-week": 0.27290000000000003,
            "occupation - native-country": 0.30990000000000006,
            "occupation - label": 0.28359999999999996,
            "relationship - race": 0.17890000000000017,
            "relationship - sex": 0.1553,
            "relationship - capital-gain": 0.05140000000000011,
            "relationship - capital-loss": 0.02960000000000007,
            "relationship - hours-per-week": 0.09950000000000003,
            "relationship - native-country": 0.17590000000000017,
            "relationship - label": 0.18709999999999993,
            "race - sex": 0.5826,
            "race - capital-gain": 0.15720000000000012,
            "race - capital-loss": 0.06010000000000004,
            "race - hours-per-week": 0.5015999999999999,
            "race - native-country": 0.7802,
            "race - label": 0.6273,
            "sex - capital-gain": 0.15570000000000006,
            "sex - capital-loss": 0.055500000000000105,
            "sex - hours-per-week": 0.4355,
            "sex - native-country": 0.5965,
            "sex - label": 0.4609,
            "capital-gain - native-country": 0.15679999999999994,
            "capital-gain - label": 0.1394000000000003,
            "capital-loss - native-country": 0.06150000000000011,
            "capital-loss - label": 0.041200000000000125,
            "hours-per-week - native-country": 0.5071,
            "hours-per-week - label": 0.4152000000000001,
            "native-country - label": 0.671
        },
        "CorrelationSimilarity": {
            "age - fnlwgt": 0.9575167321091608,
            "age - education-num": 0.915889388059528,
            "age - capital-gain": 0.9718474732147648,
            "age - capital-loss": 0.9668826850542462,
            "age - hours-per-week": 0.6571686098989475,
            "fnlwgt - education-num": 0.9535030789783375,
            "fnlwgt - capital-gain": 0.9488935325935511,
            "fnlwgt - capital-loss": 0.9058009995932541,
            "fnlwgt - hours-per-week": 0.950424284385761,
            "education-num - capital-gain": 0.92601674515917,
            "education-num - capital-loss": 0.9576427122500497,
            "education-num - hours-per-week": 0.9624372501588978,
            "capital-gain - capital-loss": 0.9392703096450262,
            "capital-gain - hours-per-week": 0.9535584333507398,
            "capital-loss - hours-per-week": 0.9680862736894044
        },
        "BoundaryAdherence": {
            "age": 1.0,
            "fnlwgt": 1.0,
            "education-num": 1.0,
            "capital-gain": 0.623,
            "capital-loss": 0.779,
            "hours-per-week": 1.0
        },
        "RangeCoverage": {
            "age": 0.5616438356164384,
            "fnlwgt": 0.1374035570312917,