{
    "Dataset": "adult",
    "Num Rows": 10000,
    "Num Test Samples": 2000,
    "Synthesizer": "REaLTabFormer",
    "Fit Time (s)": 217.2024531364441,
    "Sample Time (s)": 15.179562330245972,
    "Decomposition Time (s)": 0.019013404846191406,
    "Overall Score": null,
    "Properties": {
        "Column Shapes": 0.7746419806942879,
        "Column Pair Trends": 0.5490095886255836
    },
    "Metrics": {
        "BoundaryAdherence": 0.9565,
        "RangeCoverage": 0.8520483281061062,
        "CategoryCoverage": 0.7733987181141653,
        "KSComplement": 0.8975500000000002,
        "TVComplement": 0.6927033011571467,
        "StatisticSimilarity": null,
        "CorrelationSimilarity": 0.9842004537124184,
        "ContingencySimilarity": 0.4764777777777777,
        "TableStructure": 1.0,
        "NewRowSynthesis": null
    },
    "Metrics Overall Score": 0.8291098223584519,
    "Details": {
        "KSComplement": {
            "age": 0.9735,
            "fnlwgt": 0.9847,
            "education-num": 0.7657,
            "capital-gain": 0.854,
            "capital-loss": 0.915,
            "hours-per-week": 0.8924
        },
        "TVComplement": {
            "workclass": 0.6933,
            "education": 0.5774594099694811,
            "marital-status": 0.44320000000000004,
            "occupation": 0.8061347150259067,
            "relationship": 0.372743771885943,
            "race": 0.8556999999999999,
            "sex": 0.7458,
            "native-country": 0.9425492709904475,
            "label": 0.7974425425425425
        },
        "ContingencySimilarity": {
            "age - workclass": 0.44600000000000006,
            "age - education": 0.46940000000000004,
            "age - marital-status": 0.23519999999999996,
            "age - occupation": 0.5651999999999999,
            "age - relationship": 0.18880000000000008,
            "age - race": 0.5822,
            "age - sex": 0.5471,
            "age - native-country": 0.6277999999999999,
            "age - label": 0.4917,
            "workclass - fnlwgt": 0.1392,
            "workclass - education": 0.39590000000000003,
            "workclass - education-num": 0.5324,
            "workclass - marital-status": 0.30489999999999995,
            "workclass - occupation": 0.5113000000000001,
            "workclass - relationship": 0.25970000000000004,
            "workclass - race": 0.634,
            "workclass - sex": 0.5213000000000001,
            "workclass - capital-gain": 0.6821999999999999,
            "workclass - capital-loss": 0.6672,
            "workclass - hours-per-week": 0.28800000000000014,
            "workclass - native-country": 0.6478999999999999,
            "workclass - label": 0.5982000000000001,
            "fnlwgt - education": 0.1341000000000001,
            "fnlwgt - marital-status": 0.09889999999999999,
            "fnlwgt - occupation": 0.16159999999999997,
            "fnlwgt - relationship": 0.09140000000000015,
            "fnlwgt - race": 0.1603,
            "fnlwgt - sex": 0.15550000000000008,
            "fnlwgt - native-country": 0.18040000000000012,
            "fnlwgt - label": 0.1643000000000001,
            "education - education-num": 0.261,
            "education - marital-status": 0.27600000000000013,
            "education - occupation": 0.4486999999999999,
            "education - relationship": 0.30990000000000006,
            "education - race": 0.5290000000000001,
            "education - sex": 0.5556,
            "education - capital-gain": 0.5567000000000001,
            "education - capital-loss": 0.5445000000000001,
            "education - hours-per-week": 0.3218,
            "education - native-country": 0.5159,
            "education - label": 0.5516000000000001,
            "education-num - marital-status": 0.3660000000000001,
            "education-num - occupation": 0.5861000000000001,
            "education-num - relationship": 0.2947000000000001,
            "education-num - race": 0.6259000000000001,
            "education-num - sex": 0.5667,
            "education-num - native-country": 0.6817,
            "education-num - label": 0.6360999999999999,
            "marital-status - occupation": 0.3637,
            "marital-status - relationship": 0.09079999999999999,
            "marital-status - race": 0.4196000000000001,
            "marital-status - sex": 0.44299999999999995,
            "marital-status - capital-gain": 0.4347000000000001,
            "marital-status - capital-loss": 0.4205,
            "marital-status - hours-per-week": 0.2701,
            "marital-status - native-country": 0.41890000000000005,
            "marital-status - label": 0.35230000000000006,
            "occupation - relationship": 0.3375,
            "occupation - race": 0.7123999999999999,
            "occupation - sex": 0.696,
            "occupation - capital-gain": 0.7758,
            "occupation - capital-loss": 0.7632,
            "occupation - hours-per-week": 0.3549000000000001,
            "occupation - native-country": 0.7202999999999999,
            "occupation - label": 0.7010000000000001,
            "relationship - race": 0.32350000000000023,
            "relationship - sex": 0.2568999999999999,
            "relationship - capital-gain": 0.3700000000000001,
            "relationship - capital-loss": 0.35520000000000007,
            "relationship - hours-per-week": 0.2099000000000002,
            "relationship - native-country": 0.3589,
            "relationship - label": 0.3627,
            "race - sex": 0.6602,
            "race - capital-gain": 0.8492000000000001,
            "race - capital-loss": 0.8199000000000001,
            "race - hours-per-week": 0.4033,
            "race - native-country": 0.7915000000000001,
            "race - label": 0.6774,
            "sex - capital-gain": 0.7402,
            "sex - capital-loss": 0.7138000000000001,
            "sex - hours-per-week": 0.3739,
            "sex - native-country": 0.7260000000000001,
            "sex - label": 0.5819000000000001,
            "capital-gain - native-country": 0.9265,
            "capital-gain - label": 0.7960999999999999,
            "capital-loss - native-country": 0.9059999999999999,
            "capital-loss - label": 0.7589,
            "hours-per-week - native-country": 0.4115,
            "hours-per-week - label": 0.35119999999999996,
            "native-country - label": 0.7736999999999999
        },
        "CorrelationSimilarity": {
            "age - fnlwgt": 0.9932306100551507,
            "age - education-num": 0.9927550255194058,
            "age - capital-gain": 0.9873056116032057,
            "age - capital-loss": 0.974940085610695,
            "age - hours-per-week": 0.9934796817303282,
            "fnlwgt - education-num": 0.9448284454569751,
            "fnlwgt - capital-gain": 0.9917555880935378,
            "fnlwgt - capital-loss": 0.9996897691994932,
            "fnlwgt - hours-per-week": 0.9832478579063092,
            "education-num - capital-gain": 0.9934053212108968,
            "education-num - capital-loss": 0.9859187676038247,
            "education-num - hours-per-week": 0.9547413575792365,
            "capital-gain - capital-loss": 0.9891906960663619,
            "capital-gain - hours-per-week": 0.9878582590971481,
            "capital-loss - hours-per-week": 0.9906597289537075
        },
        "BoundaryAdherence": {
            "age": 0.9755,
            "fnlwgt": 0.997,
            "education-num": 1.0,
            "capital-gain": 0.8535,
            "capital-loss": 0.915,
            "hours-per-week": 0.998
        },
        "RangeCoverage": {
            "age": 0.9315068493150684,
            "fnlwgt": 0.7363611632113005,
            "education-num": 0.8,
            "capital-gain": 1,
            "capital-loss": 0.6648301193755739,
            "hours-per-week": 0.9795918367346939
        },
        "CategoryCoverage": {
            "workclass": 0.4444444444444444,
            "education": 1.0,