{
    "Dataset": "adult",
    "Num Rows": 1000,
    "Num Test Samples": 2000,
    "Synthesizer": "REaLTabFormer",
    "Fit Time (s)": 31.11536169052124,
    "Sample Time (s)": 6.455754995346069,
    "Decomposition Time (s)": 0,
    "Overall Score": null,
    "Properties": {
        "Column Shapes": 0.9584,
        "Column Pair Trends": 0.8053144651448947
    },
    "Metrics": {
        "BoundaryAdherence": 0.9968333333333333,
        "RangeCoverage": 0.8963831240608674,
        "CategoryCoverage": 0.9183031474698142,
        "KSComplement": 0.9659166666666668,
        "TVComplement": 0.953388888888889,
        "StatisticSimilarity": null,
        "CorrelationSimilarity": 0.9748012560142632,
        "ContingencySimilarity": 0.7770666666666666,
        "TableStructure": 1.0,
        "NewRowSynthesis": 1.0
    },
    "Metrics Overall Score": 0.9425214536778334,
    "Details": {
        "KSComplement": {
            "age": 0.979,
            "fnlwgt": 0.956,
            "education-num": 0.9425,
            "capital-gain": 0.9715,
            "capital-loss": 0.993,
            "hours-per-week": 0.9535
        },
        "TVComplement": {
            "workclass": 0.951,
            "education": 0.914,
            "marital-status": 0.98,
            "occupation": 0.9265,
            "relationship": 0.95,
            "race": 0.965,
            "sex": 0.9685,
            "native-country": 0.9460000000000001,
            "label": 0.9794999999999999
        },
        "ContingencySimilarity": {
            "age - workclass": 0.7805,
            "age - education": 0.7270000000000001,
            "age - marital-status": 0.7595,
            "age - occupation": 0.752,
            "age - relationship": 0.765,
            "age - race": 0.8045,
            "age - sex": 0.807,
            "age - native-country": 0.776,
            "age - label": 0.799,
            "workclass - fnlwgt": 0.734,
            "workclass - education": 0.8724999999999999,
            "workclass - education-num": 0.3450000000000001,
            "workclass - marital-status": 0.9205,
            "workclass - occupation": 0.822,
            "workclass - relationship": 0.9035,
            "workclass - race": 0.918,
            "workclass - sex": 0.9275,
            "workclass - capital-gain": 0.9425,
            "workclass - capital-loss": 0.9169999999999999,
            "workclass - hours-per-week": 0.47,
            "workclass - native-country": 0.903,
            "workclass - label": 0.9365,
            "fnlwgt - education": 0.7085,
            "fnlwgt - marital-status": 0.7385000000000002,
            "fnlwgt - occupation": 0.72,
            "fnlwgt - relationship": 0.7330000000000001,
            "fnlwgt - race": 0.7315,
            "fnlwgt - sex": 0.7505,
            "fnlwgt - native-country": 0.7160000000000001,
            "fnlwgt - label": 0.7505,
            "education - education-num": 0.0020000000000000018,
            "education - marital-status": 0.8805000000000001,
            "education - occupation": 0.8029999999999999,
            "education - relationship": 0.8645,
            "education - race": 0.89,
            "education - sex": 0.9,
            "education - capital-gain": 0.907,
            "education - capital-loss": 0.873,
            "education - hours-per-week": 0.4520000000000002,
            "education - native-country": 0.872,
            "education - label": 0.902,
            "education-num - marital-status": 0.3415,
            "education-num - occupation": 0.26149999999999995,
            "education-num - relationship": 0.3420000000000002,
            "education-num - race": 0.3500000000000001,
            "education-num - sex": 0.351,
            "education-num - native-country": 0.3245000000000001,
            "education-num - label": 0.3270000000000002,
            "marital-status - occupation": 0.891,
            "marital-status - relationship": 0.942,
            "marital-status - race": 0.9470000000000001,
            "marital-status - sex": 0.954,
            "marital-status - capital-gain": 0.9685,
            "marital-status - capital-loss": 0.941,
            "marital-status - hours-per-week": 0.4784999999999999,
            "marital-status - native-country": 0.9295,
            "marital-status - label": 0.959,
            "occupation - relationship": 0.8694999999999999,
            "occupation - race": 0.8905,
            "occupation - sex": 0.8755,
            "occupation - capital-gain": 0.9165,
            "occupation - capital-loss": 0.893,
            "occupation - hours-per-week": 0.4395,
            "occupation - native-country": 0.8734999999999999,
            "occupation - label": 0.9115,
            "relationship - race": 0.9365,
            "relationship - sex": 0.9475,
            "relationship - capital-gain": 0.9415,
            "relationship - capital-loss": 0.913,
            "relationship - hours-per-week": 0.46299999999999997,
            "relationship - native-country": 0.9145,
            "relationship - label": 0.9465,
            "race - sex": 0.957,
            "race - capital-gain": 0.9515,
            "race - capital-loss": 0.9245000000000001,
            "race - hours-per-week": 0.48450000000000004,
            "race - native-country": 0.9195,
            "race - label": 0.9515,
            "sex - capital-gain": 0.9595,
            "sex - capital-loss": 0.93,
            "sex - hours-per-week": 0.48350000000000004,
            "sex - native-country": 0.9265,
            "sex - label": 0.9625,
            "capital-gain - native-country": 0.9359999999999999,
            "capital-gain - label": 0.9774999999999999,
            "capital-loss - native-country": 0.9075,
            "capital-loss - label": 0.947,
            "hours-per-week - native-country": 0.49050000000000005,
            "hours-per-week - label": 0.47950000000000015,
            "native-country - label": 0.9305
        },
        "CorrelationSimilarity": {
            "age - fnlwgt": 0.9758023423324896,
            "age - education-num": 0.9901293560420172,
            "age - capital-gain": 0.9745707968834524,
            "age - capital-loss": 0.9655963355583761,
            "age - hours-per-week": 0.9592760148809745,
            "fnlwgt - education-num": 0.9645252715068406,
            "fnlwgt - capital-gain": 0.9980718262343771,
            "fnlwgt - capital-loss": 0.9877996050177514,
            "fnlwgt - hours-per-week": 0.9915000485729291,
            "education-num - capital-gain": 0.9432888213642712,
            "education-num - capital-loss": 0.9642848710287321,
            "education-num - hours-per-week": 0.9638016909518574,
            "capital-gain - capital-loss": 0.9923195746448772,
            "capital-gain - hours-per-week": 0.9700814239679126,
            "capital-loss - hours-per-week": 0.9809708612270875
        },
        "BoundaryAdherence": {
            "age": 0.9935,
            "fnlwgt": 0.988,
            "education-num": 0.9995,
            "capital-gain": 1.0,
            "capital-loss": 1.0,
            "hours-per-week": 1.0
        },
        "RangeCoverage": {
            "age": 1,
            "fnlwgt": 0.7326524858618029,
            "education-num": 0.9333333333333333,
            "capital-gain": 1.0,
            "capital-loss": 0.7633333333333333,
            "hours-per-week": 0.9489795918367347
        },
        "CategoryCoverage": {
            "workclass": 0.7777777777777778,
            "education": 0.9375,
            "marital-status": 0.8571428571428571,
            "occupation": 1.0,
            "relationship": 1.0,
            "race": 1.0,
            "sex": 1.0,
            "native-country": 0.6923076923076923,
            "label": 1.0
        },
        "StatisticalSimilarity": {
            "age - workclass": 0.995,
            "age - fnlwgt": 0.995,
            "age - education": 0.995,
            "age - education-num": 0.995,
            "age - marital-status": 0.995,
            "age - occupation": 0.995,