{
    "Dataset": "adult",
    "Num Rows": 5000,
    "Num Test Samples": 4000,
    "Synthesizer": "REaLTabFormer",
    "Fit Time (s)": 100.6125864982605,
    "Sample Time (s)": 13.16232442855835,
    "Decomposition Time (s)": 0,
    "Overall Score": null,
    "Properties": {
        "Column Shapes": 0.9774299999999999,
        "Column Pair Trends": 0.8765779621798752
    },
    "Metrics": {
        "BoundaryAdherence": 0.9994583333333334,
        "RangeCoverage": 0.880146485955794,
        "CategoryCoverage": 0.9674603174603175,
        "KSComplement": 0.9804499999999999,
        "TVComplement": 0.9754166666666665,
        "StatisticSimilarity": null,
        "CorrelationSimilarity": 0.9875290685924597,
        "ContingencySimilarity": 0.858086111111111,
        "TableStructure": 1.0,
        "NewRowSynthesis": 0.9995
    },
    "Metrics Overall Score": 0.9608941092355203,
    "Details": {
        "KSComplement": {
            "age": 0.9825,
            "fnlwgt": 0.97525,
            "education-num": 0.98635,
            "capital-gain": 0.9823,
            "capital-loss": 0.9941,
            "hours-per-week": 0.9621999999999999
        },
        "TVComplement": {
            "workclass": 0.9664999999999999,
            "education": 0.96575,
            "marital-status": 0.9863500000000001,
            "occupation": 0.9731,
            "relationship": 0.9811,
            "race": 0.96135,
            "sex": 0.99135,
            "native-country": 0.96065,
            "label": 0.9926
        },
        "ContingencySimilarity": {
            "age - workclass": 0.8441000000000001,
            "age - education": 0.8366,
            "age - marital-status": 0.8401500000000001,
            "age - occupation": 0.8471500000000001,
            "age - relationship": 0.84225,
            "age - race": 0.8458,
            "age - sex": 0.8688,
            "age - native-country": 0.8302,
            "age - label": 0.85315,
            "workclass - fnlwgt": 0.5916000000000001,
            "workclass - education": 0.9275,
            "workclass - education-num": 0.9352,
            "workclass - marital-status": 0.9486,
            "workclass - occupation": 0.9406,
            "workclass - relationship": 0.9410999999999999,
            "workclass - race": 0.93745,
            "workclass - sex": 0.9591500000000001,
            "workclass - capital-gain": 0.9633,
            "workclass - capital-loss": 0.92895,
            "workclass - hours-per-week": 0.49595,
            "workclass - native-country": 0.93055,
            "workclass - label": 0.9635,
            "fnlwgt - education": 0.5909,
            "fnlwgt - marital-status": 0.5912000000000002,
            "fnlwgt - occupation": 0.5912000000000001,
            "fnlwgt - relationship": 0.5912000000000001,
            "fnlwgt - race": 0.5913999999999999,
            "fnlwgt - sex": 0.5918,
            "fnlwgt - native-country": 0.5847,
            "fnlwgt - label": 0.5914,
            "education - education-num": 0.96575,
            "education - marital-status": 0.9388,
            "education - occupation": 0.9057,
            "education - relationship": 0.9291,
            "education - race": 0.94445,
            "education - sex": 0.94625,
            "education - capital-gain": 0.96365,
            "education - capital-loss": 0.9275,
            "education - hours-per-week": 0.48495,
            "education - native-country": 0.9206,
            "education - label": 0.95895,
            "education-num - marital-status": 0.9538,
            "education-num - occupation": 0.9197,
            "education-num - relationship": 0.94685,
            "education-num - race": 0.9475,
            "education-num - sex": 0.9593,
            "education-num - native-country": 0.9253,
            "education-num - label": 0.9656,
            "marital-status - occupation": 0.93785,
            "marital-status - relationship": 0.9590000000000001,
            "marital-status - race": 0.95885,
            "marital-status - sex": 0.97795,
            "marital-status - capital-gain": 0.98275,
            "marital-status - capital-loss": 0.94835,
            "marital-status - hours-per-week": 0.4826499999999999,
            "marital-status - native-country": 0.95045,
            "marital-status - label": 0.9823999999999999,
            "occupation - relationship": 0.9432,
            "occupation - race": 0.93915,
            "occupation - sex": 0.9489,
            "occupation - capital-gain": 0.9666,
            "occupation - capital-loss": 0.93255,
            "occupation - hours-per-week": 0.48055000000000003,
            "occupation - native-country": 0.9244,
            "occupation - label": 0.96415,
            "relationship - race": 0.9493499999999999,
            "relationship - sex": 0.979,
            "relationship - capital-gain": 0.9764,
            "relationship - capital-loss": 0.9413,
            "relationship - hours-per-week": 0.4872000000000001,
            "relationship - native-country": 0.94075,
            "relationship - label": 0.97355,
            "race - sex": 0.96135,
            "race - capital-gain": 0.9578,
            "race - capital-loss": 0.92205,
            "race - hours-per-week": 0.50315,
            "race - native-country": 0.92585,
            "race - label": 0.9607,
            "sex - capital-gain": 0.9896,
            "sex - capital-loss": 0.955,
            "sex - hours-per-week": 0.50485,
            "sex - native-country": 0.95755,
            "sex - label": 0.9885,
            "capital-gain - native-country": 0.95665,
            "capital-gain - label": 0.99235,
            "capital-loss - native-country": 0.92135,
            "capital-loss - label": 0.9509,
            "hours-per-week - native-country": 0.49150000000000005,
            "hours-per-week - label": 0.5027999999999999,
            "native-country - label": 0.9593
        },
        "CorrelationSimilarity": {
            "age - fnlwgt": 0.992382804814937,
            "age - education-num": 0.997300677797724,
            "age - capital-gain": 0.9986069080289782,
            "age - capital-loss": 0.9897015212000184,
            "age - hours-per-week": 0.9537220102576714,
            "fnlwgt - education-num": 0.9744096486709559,
            "fnlwgt - capital-gain": 0.9956797905014426,
            "fnlwgt - capital-loss": 0.9849630129415358,
            "fnlwgt - hours-per-week": 0.9982440728034397,
            "education-num - capital-gain": 0.9775041094701157,
            "education-num - capital-loss": 0.9941690358434228,
            "education-num - hours-per-week": 0.9821659199891943,
            "capital-gain - capital-loss": 0.9825670527064955,
            "capital-gain - hours-per-week": 0.9935156135988655,
            "capital-loss - hours-per-week": 0.9980038502620987
        },
        "BoundaryAdherence": {
            "age": 0.999,
            "fnlwgt": 0.999,
            "education-num": 1.0,
            "capital-gain": 1.0,
            "capital-loss": 1.0,
            "hours-per-week": 0.99875
        },
        "RangeCoverage": {
            "age": 1,
            "fnlwgt": 0.6181149120616689,
            "education-num": 1.0,
            "capital-gain": 1.0,
            "capital-loss": 0.6627640036730946,
            "hours-per-week": 1.0
        },
        "CategoryCoverage": {
            "workclass": 1.0,
            "education": 1.0,
            "marital-status": 0.8571428571428571,
            "occupation": 1.0,
            "relationship": 1.0,
            "race": 1.0,
            "sex": 1.0,
            "native-country": 0.85,
            "label": 1.0
        },
        "StatisticalSimilarity": {
            "age - workclass": 0.9995123287671234,
            "age - fnlwgt": 0.9995123287671234,
            "age - education": 0.9995123287671234,
            "age - education-num": 0.9995123287671234,
            "age - marital-status": 0.9995123287671234,
            "age - occupation": 0.9995123287671234,