{
    "Dataset": "asia",
    "Num Rows": 1000,
    "Num Test Samples": 2000,
    "Synthesizer": "TVAESynthesizer",
    "Fit Time (s)": 6.3549439907073975,
    "Sample Time (s)": 0.4776611328125,
    "Decomposition Time (s)": 0.005001068115234375,
    "Overall Score": null,
    "Properties": {
        "Column Shapes": 0.9659884207251144,
        "Column Pair Trends": 0.9216607142857142
    },
    "Metrics": {
        "BoundaryAdherence": null,
        "RangeCoverage": null,
        "CategoryCoverage": 0.8125,
        "KSComplement": null,
        "TVComplement": 0.9659884207251144,
        "StatisticSimilarity": null,
        "CorrelationSimilarity": null,
        "ContingencySimilarity": 0.9216607142857142,
        "TableStructure": 1.0,
        "NewRowSynthesis": 0.018
    },
    "Metrics Overall Score": 0.7436298270021656,
    "Details": {
        "TVComplement": {
            "asia": 0.988,
            "tub": 0.992,
            "smoke": 0.9701878172588833,
            "lung": 0.958,
            "bronc": 0.9826579869804708,
            "either": 0.9504999999999999,
            "xray": 0.897,
            "dysp": 0.9895615615615616
        },
        "ContingencySimilarity": {
            "asia - tub": 0.981,
            "asia - smoke": 0.956,
            "asia - lung": 0.946,
            "asia - bronc": 0.975,
            "asia - either": 0.9395,
            "asia - xray": 0.886,
            "asia - dysp": 0.9850000000000001,
            "tub - smoke": 0.961,
            "tub - lung": 0.95,
            "tub - bronc": 0.978,
            "tub - either": 0.9504999999999999,
            "tub - xray": 0.897,
            "tub - dysp": 0.9830000000000001,
            "smoke - lung": 0.958,
            "smoke - bronc": 0.7175,
            "smoke - either": 0.9505,
            "smoke - xray": 0.897,
            "smoke - dysp": 0.695,
            "lung - bronc": 0.958,
            "lung - either": 0.9504999999999999,
            "lung - xray": 0.895,
            "lung - dysp": 0.9540000000000001,
            "bronc - either": 0.9505,
            "bronc - xray": 0.897,
            "bronc - dysp": 0.855,
            "either - xray": 0.895,
            "either - dysp": 0.9485,
            "xray - dysp": 0.897
        },
        "CategoryCoverage": {
            "asia": 0.5,
            "tub": 0.5,
            "smoke": 1.0,
            "lung": 0.5,
            "bronc": 1.0,
            "either": 1.0,
            "xray": 1.0,
            "dysp": 1.0
        }
    }
}